발전소명,발전원,연료,형식,발전회사,소재지,용량_MW,준공,상태,대수,단위용량,보일러제작사,터빈제작사,발전기제작사,정격전압,용도별,회원,시장,급전
신고리#4,원자력,농축U,PWR,한수원㈜,울산 울주군 서생면 신암리,1400,2019.8,운영중,1,1400 MW,두산중공업,두산중공업,두산중공업,24kV,사업용,정회원,시장,중앙
신고리#3,원자력,농축U,PWR,한수원㈜,울산 울주군 서생면 신암리,1400,2016.12,운영중,1,1400 MW,두산중공업,두산중공업,두산중공업,24kV,사업용,정회원,시장,중앙
신한울 #1,원자력,농축U,PWR,한수원㈜,경북 울진군 북면 울진북로,1400,2022.12,운영중,1,1400 MW,두산중공업,두산중공업,두산중공업,24kV,사업용,정회원,시장,중앙
태안#9,기력,유연탄,기력,서부발전㈜,충남 태안군 원북면 방갈리,1050,2016.10,운영중,1,1050 MW,MHPS,MHPS,MHPS,27kV,사업용,정회원,시장,중앙
태안#10,기력,유연탄,기력,서부발전㈜,충남 태안군 원북면 방갈리,1050,2017.6,운영중,1,1050 MW,MHPS,MHPS,MHPS,27kV,사업용,정회원,시장,중앙
강릉안인#2,기력,유연탄,기력,강릉에코파워(주),강원 강릉시 강동면,1040,2022.10,운영중,1,1040 MW,두산중공업,두산중공업,두산중공업,30KV,사업용,정회원,시장,중앙
강릉안인#1,기력,유연탄,기력,강릉에코파워(주),강원 강릉시 강동면,1040,2022.10,운영중,1,1040 MW,두산중공업,두산중공업,두산중공업,30KV,사업용,정회원,시장,중앙
삼척그린파워 #1,기력,유연탄,기력,남부발전㈜,강원 삼척시 원덕읍,1022,2016.12,운영중,1,1022 MW,FosterWheeler+ 한솔신텍,도시바,도시바,27kV,사업용,정회원,시장,중앙
삼척그린파워 #2,기력,유연탄,기력,남부발전㈜,강원 삼척시 원덕읍,1022,2017.6,운영중,1,1022 MW,FosterWheeler+ 한솔신텍,도시바,도시바,27kV,사업용,정회원,시장,중앙
당진#9,기력,유연탄,기력,동서발전㈜,충남 당진시 석문면,1020,2016.7,운영중,1,1020 MW,MHPS,MHPS,MHPS,27kV,사업용,정회원,시장,중앙
당진#10,기력,유연탄,기력,동서발전㈜,충남 당진시 석문면,1020,2016.9,운영중,1,1020 MW,MHPS,MHPS,MHPS,27kV,사업용,정회원,시장,중앙
신보령#1,기력,유연탄,기력,중부발전㈜,충남 보령시 오천면,1019,2017.6,운영중,1,1019 MW,두산중공업,두산중공업,두산중공업,30kV,사업용,정회원,시장,중앙
신보령#2,기력,유연탄,기력,중부발전㈜,충남 보령시 오천면,1019,2017.9,운영중,1,1019 MW,두산중공업,두산중공업,두산중공업,30kV,사업용,정회원,시장,중앙
한 울 #3,원자력,농축U,PWR,한수원㈜,경북 울진군 북면 부구리,1000,1998.8,운영중,1,1000 MW,한중/한기/CE,한중/GE,한중/GE,22kV,사업용,정회원,시장,중앙
신고리#2,원자력,농축U,PWR,한수원㈜,울산 울주군 서생면 신암리,1000,2012.7,운영중,1,1000 MW,두중/GE,두중/GE,두중/GE,24kV,사업용,정회원,시장,중앙
신고리#1,원자력,농축U,PWR,한수원㈜,울산 울주군 서생면 신암리,1000,2011.2,운영중,1,1000 MW,두중/GE,두중/GE,두중/GE,24kV,사업용,정회원,시장,중앙
신월성#2,원자력,농축U,PWR,한수원㈜,경북 경주시 양남면 나아리,1000,2015.7,운영중,1,1000 MW,두중/GE,두중/GE,두중/GE,22kV,사업용,정회원,시장,중앙
한 빛 #3,원자력,농축U,PWR,한수원㈜,전남 영광군 홍농읍 계마리,1000,1995.3,운영중,1,1000 MW,한중/한원연/CE,한중/GE,한중/GE,22kV,사업용,정회원,시장,중앙
한 빛 #4,원자력,농축U,PWR,한수원㈜,전남 영광군 홍농읍 계마리,1000,1996.1,운영중,1,1000 MW,한중/한원연/CE,한중/GE,한중/GE,22kV,사업용,정회원,시장,중앙
한 빛 #5,원자력,농축U,PWR,한수원㈜,전남 영광군 홍농읍 계마리,1000,2002.5,운영중,1,1000 MW,두산중공업,두산중공업,두산중공업,22kV,사업용,정회원,시장,중앙
한 빛 #6,원자력,농축U,PWR,한수원㈜,전남 영광군 홍농읍 계마리,1000,2002.12,운영중,1,1000 MW,두산중공업,두산중공업,두산중공업,22kV,사업용,정회원,시장,중앙
신월성#1,원자력,농축U,PWR,한수원㈜,경북 경주시 양남면 나아리,1000,2012.7,운영중,1,1000 MW,두중/GE,두중/GE,두중/GE,22kV,사업용,정회원,시장,중앙
한 울 #4,원자력,농축U,PWR,한수원㈜,경북 울진군 북면 부구리,1000,1999.12,운영중,1,1000 MW,한중/한기/CE,한중/GE,한중/GE,22kV,사업용,정회원,시장,중앙
한 울 #5,원자력,농축U,PWR,한수원㈜,경북 울진군 북면 부구리,1000,2004.7,운영중,1,1000 MW,두중/한기/CE,두중/GE,두중/GE,22kV,사업용,정회원,시장,중앙
한 울 #6,원자력,농축U,PWR,한수원㈜,경북 울진군 북면 부구리,1000,2005.4,운영중,1,1000 MW,두중/한기/CE,두중/GE,두중/GE,22kV,사업용,정회원,시장,중앙
양양양수,수력,양수,양수,한수원,강원 양양군 서면,1000,2006.2 외 3건,운영중,4,250 MW,-,두산중공업,두산중공업,18kV,사업용,정회원,시장,중앙
고 리 #3,원자력,농축U,PWR,한수원㈜,부산 기장군 장안읍 고리,950,1985.9,운영중,1,950 MW,WH,GEC(영),GEC(영),22kV,사업용,정회원,시장,중앙
한 빛 #2,원자력,농축U,PWR,한수원㈜,전남 영광군 홍농읍 계마리,950,1987.6,운영중,1,950 MW,WH,WH,WH,22kV,사업용,정회원,시장,중앙
고 리 #4,원자력,농축U,PWR,한수원㈜,부산 기장군 장안읍 고리,950,1986.4,운영중,1,950 MW,WH,GEC(영),GEC(영),22kV,사업용,정회원,시장,중앙
한 울 #2,원자력,농축U,PWR,한수원㈜,경북 울진군 북면 부구리,950,1989.9,운영중,1,950 MW,Framatome,Alsthom,Alsthom,22kV,사업용,정회원,시장,중앙
한 울 #1,원자력,농축U,PWR,한수원㈜,경북 울진군 북면 부구리,950,1988.9,운영중,1,950 MW,Framatome,Alsthom,Alsthom,22kV,사업용,정회원,시장,중앙
한 빛 #1,원자력,농축U,PWR,한수원㈜,전남 영광군 홍농읍 계마리,950,1986.8,운영중,1,950 MW,WH,WH,WH,22kV,사업용,정회원,시장,중앙
보령#1~3 GT,복합화력,LNG,복합,중부발전㈜,충남 보령시 오천면,900,1997.8,운영중,6,150 MW,-,Alstom (구)ABB,Alstom (구)ABB,18kV,사업용,정회원,시장,중앙
영흥#3,기력,유연탄,기력,남동발전㈜,인천 옹진군 영흥면,870,2008.6,운영중,1,870 MW,두산중공업,Hitachi,Hitachi,25kV,사업용,정회원,시장,중앙
영흥#5,기력,유연탄,기력,남동발전㈜,인천 옹진군 영흥면,870,2014.6,운영중,1,870 MW,두산중공업,Hitachi,Hitachi,25kV,사업용,정회원,시장,중앙
영흥#4,기력,유연탄,기력,남동발전㈜,인천 옹진군 영흥면,870,2008.12,운영중,1,870 MW,두산중공업,Hitachi,Hitachi,25kV,사업용,정회원,시장,중앙
영흥#6,기력,유연탄,기력,남동발전㈜,인천 옹진군 영흥면,870,2014.11,운영중,1,870 MW,두산중공업,Hitachi,Hitachi,25kV,사업용,정회원,시장,중앙
영흥#1,기력,유연탄,기력,남동발전㈜,인천 옹진군 영흥면,800,2004.7,운영중,1,800 MW,두산중공업/ABB,두산중공업/GE,두산중공업/GE,25kV,사업용,정회원,시장,중앙
영흥#2,기력,유연탄,기력,남동발전㈜,인천 옹진군 영흥면,800,2004.11,운영중,1,800 MW,두산중공업/ABB,두산중공업/GE,두산중공업/GE,25kV,사업용,정회원,시장,중앙
산청양수,수력,양수,양수,한수원,경남 산청군 시천면,700,"2001.11, 2001.9",운영중,2,350 MW,-,두산중공업,두산중공업,18kV,사업용,정회원,시장,중앙
월 성 #4,원자력,천연U,PHWR,한수원㈜,경북 경주시 양남면 나아리,700,1999.1,운영중,1,700 MW,AECL/한중,한중/GE,한중/GE,22kV,사업용,정회원,시장,중앙
월 성 #3,원자력,천연U,PHWR,한수원㈜,경북 경주시 양남면 나아리,700,1998.7,운영중,1,700 MW,AECL/한중,한중/GE,한중/GE,22kV,사업용,정회원,시장,중앙
월 성 #2,원자력,천연U,PHWR,한수원㈜,경북 경주시 양남면 나아리,700,1997.7,운영중,1,700 MW,AECL/한중/한원연,한중/GE,한중/GE,22kV,사업용,정회원,시장,중앙
고 리 #2,원자력,농축U,PWR,한수원㈜,부산 기장군 장안읍 고리,650,1983.7,운영중,1,650 MW,WH,GEC(영),GEC(영),22kV,사업용,정회원,시장,중앙
서인천#1~4 GT,복합화력,LNG,복합,서부발전㈜,인천 서구 경서동,600,"1992.2, 1992.3, 1992.4",운영중,4,150 MW,-,GE,GE,13.8kV,사업용,정회원,시장,중앙
서인천 #5~8 GT,복합화력,LNG,복합,서부발전㈜,인천 서구 경서동,600,"1992.5, 1992.6",운영중,4,150 MW,-,GE,GE,13.8kV,사업용,정회원,시장,중앙
청송양수,수력,양수,양수,한수원,경북 청송군 파천면,600,"2006.12, 2006.9",운영중,2,300 MW,-,GE,GE,18kV,사업용,정회원,시장,중앙
무주양수,수력,양수,양수,한수원,전북 무주군 적상면,600,"1995.2, 1995.4",운영중,2,300 MW,-,한중/Neypric(프),한중/Alsthom,13.8,사업용,정회원,시장,중앙
"신인천#1,2 GT",복합화력,LNG,복합,남부발전㈜,인천 서구 경서동,600,1996.6,운영중,4,150 MW,-,GE,GE,18kV,사업용,정회원,시장,중앙
삼랑진양수,수력,양수,양수,한수원,경남 밀양시 삼랑진읍,600,"1985.11, 1985.12",운영중,2,300 MW,-,Hitachi/한중,Fuji/한중,18kV,사업용,정회원,시장,중앙
"신인천#3,4 GT",복합화력,LNG,복합,남부발전㈜,인천 서구 경서동,600,1996.6,운영중,4,150 MW,-,GE,GE,18kV,사업용,정회원,시장,중앙
북평#1,기력,유연탄,기력,㈜GS 동해전력,강원 동해시 공단4로,595,2017.3,운영중,1,595 MW,BHI,MHPS,MHPS,22kV,사업용,정회원,시장,중앙
북평#2,기력,유연탄,기력,㈜GS 동해전력,강원 동해시 공단4로,595,2017.8,운영중,1,595 MW,BHI,MHPS,MHPS,22kV,사업용,정회원,시장,중앙
신평택 GT,복합화력,LNG,복합,신평택발전㈜,경기 평택시 포승읍,580,2019.10,운영중,2,290 MW,GE,MHPS,MELCO,20kV,사업용,정회원,시장,중앙
포천천연 GT,복합화력,LNG,복합,포천민자발전㈜,경기 포천시 신북면,575,2017.3,운영중,2,287 MW,-,MHPS,MELCO,20kV,사업용,정회원,시장,중앙
울산#4 GT,복합화력,LNG,복합,동서발전㈜,울산 남구 남화동,573,2013.7,운영중,2,286 MW,-,MHI,MHI,20kV,사업용,정회원,시장,중앙
평택#2 GT,복합화력,LNG,복합,서부발전㈜,경기 평택시 포승면,572,2013.7,운영중,2,286 MW,-,MHI,MHI,20kV,사업용,정회원,시장,중앙
동두천#2 GT,복합화력,LNG,복합,동두천드림파워㈜,경기 동두천시 지형동,572,2015.1,운영중,2,286 MW,-,MHI,MHI,20kV,사업용,정회원,시장,중앙
동두천#1 GT,복합화력,LNG,복합,동두천드림파워㈜,경기 동두천시 지형동,572,2015.3,운영중,2,286 MW,-,MHI,MHI,20kV,사업용,정회원,시장,중앙
율촌#2 GT,복합화력,LNG,복합,씨지앤율촌전력㈜,전남 순천시 해룡면,571,2013.6,운영중,2,285 MW,-,MHI,MHI,20kV,사업용,정회원,시장,중앙
삼천포#1,기력,유연탄,기력,남동발전㈜,경남 고성군 하이면 덕호리,560,1983.8,운영중,1,560 MW,한중/CE,한중/GE,한중/GE,22kV,사업용,정회원,시장,중앙
삼천포#2,기력,유연탄,기력,남동발전㈜,경남 고성군 하이면 덕호리,560,1984.2,운영중,1,560 MW,한중/CE,한중/GE,한중/GE,22kV,사업용,정회원,시장,중앙
삼천포#3,기력,유연탄,기력,남동발전㈜,경남 고성군 하이면 덕호리,560,1993.4,운영중,1,560 MW,한중/ABBCE,한중/ABBGE,한중,22kV,사업용,정회원,시장,중앙
삼천포#4,기력,유연탄,기력,남동발전㈜,경남 고성군 하이면 덕호리,560,1994.3,운영중,1,560 MW,한중/ABBCE,한중/ABBGE,한중,22kV,사업용,정회원,시장,중앙
파주문산#2 GT,복합화력,LNG,복합,파주에너지서비스㈜,경기 파주시 파주읍,551,2017.3,운영중,2,275 MW,-,Siemens,Siemens,19kV,사업용,정회원,시장,중앙
파주문산#1 GT,복합화력,LNG,복합,파주에너지서비스㈜,경기 파주시 파주읍,551,2017.2,운영중,2,275 MW,-,Siemens,Siemens,19kV,사업용,정회원,시장,중앙
영월 GT,복합화력,LNG,복합,남부발전㈜,강원 영월군 영월읍,549,2010.10,운영중,3,183 MW,-,두산중공업,두산중공업,18kV,사업용,정회원,시장,중앙
당진#4 GT,복합화력,LNG,복합,GS EPS㈜,충남 당진시 송악읍,539,2017.4,운영중,2,269 MW,GS엔텍,Siemens,Siemens,19kV,사업용,정회원,시장,중앙
세종천연가스,집단에너지,LNG,열병합,중부발전㈜,세종시 가람동,530,2013.11,운영중,3,181 MW,-,두산중공업,두산중공업,18kV,집단,정회원,시장,중앙
양주열병합,집단에너지,LNG,열병합,대륜발전㈜,경기 양주시 옥정동,524,2014.4,운영중,3,179 MW,-,두산중공업,두산중공업,18kV,집단,정회원,시장,중앙
파주열병합,집단에너지,LNG,열병합,지역난방공사,경기 파주시 교하읍,515,2011.1,운영중,3,176 MW,-,MHI,Melco,-,집단,정회원,시장,중앙
화성복합,집단에너지,LNG,열병합,지역난방공사,경기 화성시 동탄면,511,2007.11,운영중,3,175 MW,-,MHI,-,18kV,집단,정회원,시장,중앙
보령#3,기력,유연탄,기력,중부발전㈜,충남 보령군 오천면 오포,500,1993.4,운영중,1,500 MW,한중/ABBCE,한중/GE,한중/GE,22kV,사업용,정회원,시장,중앙
보령#2,기력,유연탄,기력,중부발전㈜,충남 보령군 오천면 오포,500,1984.9,운영중,1,500 MW,B&W,Toshiba,Toshiba,22kV,사업용,정회원,시장,중앙
삼천포#6,기력,유연탄,기력,남동발전㈜,경남 고성군 하이면 덕호리,500,1998.1,운영중,1,500 MW,한중,한중,한중,22kV,사업용,정회원,시장,중앙
삼천포#5,기력,유연탄,기력,남동발전㈜,경남 고성군 하이면 덕호리,500,1997.7,운영중,1,500 MW,한중,한중,한중,22kV,사업용,정회원,시장,중앙
태안#1,기력,유연탄,기력,서부발전㈜,충남 태안군 원북면 방갈리,500,1995.6,운영중,1,500 MW,한중/ABBCE,한중/GE,한중/GE,22kV,사업용,정회원,시장,중앙
태안#2,기력,유연탄,기력,서부발전㈜,충남 태안군 원북면 방갈리,500,1995.12,운영중,1,500 MW,한중/ABBCE,한중/GE,한중/GE,22kV,사업용,정회원,시장,중앙
태안#4,기력,유연탄,기력,서부발전㈜,충남 태안군 원북면 방갈리,500,1997.8,운영중,1,500 MW,한중/ABBCE,한중/GE,한중/GE,22kV,사업용,정회원,시장,중앙
태안#5,기력,유연탄,기력,서부발전㈜,충남 태안군 원북면 방갈리,500,2001.10,운영중,1,500 MW,두중/IHI,현중/WH,현중/WH,22kV,사업용,정회원,시장,중앙
당진#8,기력,유연탄,기력,동서발전㈜,충남 당진시 석문면,500,2007.12,운영중,1,500 MW,두산중공업,두산중공업,두산중공업,22kV,사업용,정회원,시장,중앙
보령#7,기력,유연탄,기력,중부발전㈜,충남 보령군 오천면 오포,500,2008.6,운영중,1,500 MW,두산중공업,두산중공업,두산중공업,22kV,사업용,정회원,시장,중앙
보령#6,기력,유연탄,기력,중부발전㈜,충남 보령군 오천면 오포,500,1994.4,운영중,1,500 MW,한중/ABBCE,한중/GE,한중/GE,22kV,사업용,정회원,시장,중앙
태안#8,기력,유연탄,기력,서부발전㈜,충남 태안군 원북면 방갈리,500,2007.8,운영중,1,500 MW,두산중공업,두산중공업,두산중공업,22kV,사업용,정회원,시장,중앙
태안#7,기력,유연탄,기력,서부발전㈜,충남 태안군 원북면 방갈리,500,2007.2,운영중,1,500 MW,두산중공업,두산중공업,두산중공업,22kV,사업용,정회원,시장,중앙
보령#5,기력,유연탄,기력,중부발전㈜,충남 보령군 오천면 오포,500,1993.12,운영중,1,500 MW,한중/ABBCE,한중/GE,한중/GE,22kV,사업용,정회원,시장,중앙
태안#6,기력,유연탄,기력,서부발전㈜,충남 태안군 원북면 방갈리,500,2002.5,운영중,1,500 MW,두중/IHI,현중/WH,현중/WH,22kV,사업용,정회원,시장,중앙
보령#1,기력,유연탄,기력,중부발전㈜,충남 보령군 오천면 오포,500,1983.12,운영중,1,500 MW,B&W,Toshiba,Toshiba,22kV,사업용,정회원,시장,중앙
보령#4,기력,유연탄,기력,중부발전㈜,충남 보령군 오천면 오포,500,1993.6,운영중,1,500 MW,한중/ABBCE,한중/GE,한중/GE,22kV,사업용,정회원,시장,중앙
보령#8,기력,유연탄,기력,중부발전㈜,충남 보령군 오천면 오포,500,2008.12,운영중,1,500 MW,두산중공업,두산중공업,두산중공업,22kV,사업용,정회원,시장,중앙
태안#3,기력,유연탄,기력,서부발전㈜,충남 태안군 원북면 방갈리,500,1997.3,운영중,1,500 MW,한중/ABBCE,한중/GE,한중/GE,22kV,사업용,정회원,시장,중앙
당진#7,기력,유연탄,기력,동서발전㈜,충남 당진시 석문면,500,2007.6,운영중,1,500 MW,두산중공업,두산중공업,두산중공업,22kV,사업용,정회원,시장,중앙
하동#5,기력,유연탄,기력,남부발전㈜,경남 하동군 금성면,500,2000.7,운영중,1,500 MW,한중/CE,한중/GE,한중/GE,22kV,사업용,정회원,시장,중앙
당진#4,기력,유연탄,기력,동서발전㈜,충남 당진시 석문면,500,2001.3,운영중,1,500 MW,한중/CE,한중/CE,한중/CE,22kV,사업용,정회원,시장,중앙
당진#3,기력,유연탄,기력,동서발전㈜,충남 당진시 석문면,500,2000.9,운영중,1,500 MW,한중/CE,한중/CE,한중/CE,22kV,사업용,정회원,시장,중앙
당진#2,기력,유연탄,기력,동서발전㈜,충남 당진시 석문면,500,1999.12,운영중,1,500 MW,한중/CE,한중/CE,한중/CE,22kV,사업용,정회원,시장,중앙
당진#1,기력,유연탄,기력,동서발전㈜,충남 당진시 석문면,500,1999.6,운영중,1,500 MW,한중/CE,한중/CE,한중/CE,22kV,사업용,정회원,시장,중앙
당진#5,기력,유연탄,기력,동서발전㈜,충남 당진시 석문면,500,2005.9,운영중,1,500 MW,두산중공업,두산중공업,두산중공업,22kV,사업용,정회원,시장,중앙
하동#1,기력,유연탄,기력,남부발전㈜,경남 하동군 금성면,500,1997.7,운영중,1,500 MW,한중/CE,한중/GE,한중/GE,22kV,사업용,정회원,시장,중앙
당진#6,기력,유연탄,기력,동서발전㈜,충남 당진시 석문면,500,2006.3,운영중,1,500 MW,두산중공업,두산중공업,두산중공업,22kV,사업용,정회원,시장,중앙
하동#3,기력,유연탄,기력,남부발전㈜,경남 하동군 금성면,500,1998.6,운영중,1,500 MW,한중/CE,한중/GE,한중/GE,22kV,사업용,정회원,시장,중앙
하동#4,기력,유연탄,기력,남부발전㈜,경남 하동군 금성면,500,1999.3,운영중,1,500 MW,한중/CE,한중/GE,한중/GE,22kV,사업용,정회원,시장,중앙
하동#2,기력,유연탄,기력,남부발전㈜,경남 하동군 금성면,500,1997.11,운영중,1,500 MW,한중/CE,한중/GE,한중/GE,22kV,사업용,정회원,시장,중앙
하동#8,기력,유연탄,기력,남부발전㈜,경남 하동군 금성면,500,2009.5,운영중,1,500 MW,한중/CE,한중/GE,한중/GE,22kV,사업용,정회원,시장,중앙
하동#6,기력,유연탄,기력,남부발전㈜,경남 하동군 금성면,500,2001.7,운영중,1,500 MW,한중/CE,한중/GE,한중/GE,22kV,사업용,정회원,시장,중앙
하동#7,기력,유연탄,기력,남부발전㈜,경남 하동군 금성면,500,2008.12,운영중,1,500 MW,한중/CE,한중/GE,한중/GE,22kV,사업용,정회원,시장,중앙
오성 GT,복합화력,LNG,복합,평택에너지서비스㈜,경기 평택시 오성면,497,2013.3,운영중,3,165 MW,-,GE,GE,18kV,사업용,정회원,시장,중앙
안산 GT,복합화력,LNG,복합,㈜에스파워,경기 안산시 단원구,485,2014.11,운영중,2,242 MW,-,Siemens,Siemens,19kV,사업용,정회원,시장,중앙
포천#1 GT,복합화력,LNG,복합,포천파워㈜,경기 포천시 창수면,481,2014.6,운영중,2,240 MW,-,MHI,Melco,21kV,사업용,정회원,시장,중앙
포천#2 GT,복합화력,LNG,복합,포천파워㈜,경기 포천시 창수면,481,2014.8,운영중,2,240 MW,-,MHI,Melco,21kV,사업용,정회원,시장,중앙
군산 GT,복합화력,LNG,복합,서부발전㈜,전북 군산시 경암동,466,2010.5,운영중,2,233 MW,-,MHI,MHI,21kV,사업용,정회원,시장,중앙
보령#1~3 ST,복합화력,LNG,복합,중부발전㈜,충남 보령시 오천면,450,2002.8,운영중,3,150 MW,한중,Alstom (구)ABB,Alstom (구)ABB,18kV,사업용,정회원,시장,중앙
명품오산열병합,집단에너지,LNG,열병합,디에스파워㈜,경기 오산시 누읍동,436,2016.2,운영중,2,218 MW,-,MHPS,MHPS,20kV,집단,정회원,시장,중앙
춘천열병합,집단에너지,LNG,열병합,춘천에너지㈜,강원 춘천시 동산면,431,2017.5,운영중,2,215 MW,-,MHPS,MELCO,21kV,집단,정회원,시장,중앙
위례열병합,집단에너지,LNG,열병합,위례에너지서비스㈜,경기 하남시 위례대로4길,412,2017.4,운영중,2,206 MW,Siemens,Siemens,Siemens,23kV,집단,정회원,시장,중앙
충주,수력,수력,수력,수자원공사,충북 충주시 동량면(한강수계 남한강 충주호),412,"1985.5, 1985.7",운영중,6,53 MW,-,Toshiba,Toshiba,13.8kV,사업용,정회원,시장,중앙
소양강,수력,수력,수력,수자원공사,강원 춘천시 신북읍(한강수계 소양강 소양호),400,1973.10,운영중,4,100 MW,-,Fuji,Fuji,15.4kV,사업용,정회원,시장,중앙
예천양수#2,수력,양수,양수,한수원,경북 예천군 용문면,400,2011.10,운영중,1,400 MW,-,ALSTOM(두산중공업),ALSTOM(두산중공업),18kV,사업용,정회원,시장,중앙
울산#5,기력,중유,기력,동서발전㈜,울산 남구 남화동,400,1980.10,운영중,1,400 MW,Steinmuller(독),BBC(스),BBC(스),19kV,사업용,정회원,시장,중앙
울산#6,기력,중유,기력,동서발전㈜,울산 남구 남화동,400,1981.1,운영중,1,400 MW,Steinmuller(독),BBC(스),BBC(스),19kV,사업용,정회원,시장,중앙
일산#1 GT,복합화력,LNG,복합,동서발전㈜,경기 고양시 백석동,400,1993.2,운영중,4,100 MW,-,WH,BRUSH,13.8kV,사업용,정회원,시장,중앙
청평양수,수력,양수,양수,한수원,경남 밀양시 삼랑진읍,400,"1979.11, 1980.2",운영중,2,200 MW,-,Hitachi/한중,Fuji/한중,18kV,사업용,정회원,시장,중앙
울산#4,기력,중유,기력,동서발전㈜,울산 남구 남화동,400,1980.10,운영중,1,400 MW,Steinmuller(독),BBC(스),BBC(스),19kV,사업용,정회원,시장,중앙
예천양수#1,수력,양수,양수,한수원,경북 예천군 용문면,400,2011.8,운영중,1,400 MW,-,ALSTOM(두산중공업),ALSTOM(두산중공업),18kV,사업용,정회원,시장,중앙
분당#1 GT,복합화력,LNG,복합,남동발전㈜,경기 성남시 분당동,388,"1992.4, 1992.6",운영중,5,77 MW,-,ABB,ABB,13.8kV,사업용,정회원,시장,중앙
대산 GT,복합화력,LNG,복합,씨지앤대산전력㈜,충남 서산시 대산읍,374,1997.12,운영중,4,93 MW,-,WH(GT),WH/,13kV,사업용,정회원,시장,중앙
대구그린파워,집단에너지,LNG,열병합,대구그린파워㈜,대구 동구 율암동,370,2014.12,운영중,2,185 MW,-,Siemens,Siemens,23kV,집단,정회원,시장,중앙
포스코#5 GT,복합화력,LNG,복합,포스코에너지㈜,인천 서구 원창동,366,2011.2,운영중,2,183 MW,-,Siemens,Siemens,16.5kV,사업용,정회원,시장,중앙
포스코#6 GT,복합화력,LNG,복합,포스코에너지㈜,인천 서구 원창동,366,2011.6,운영중,2,183 MW,-,Siemens,Siemens,16.5kV,사업용,정회원,시장,중앙
하남열병합,집단에너지,LNG,열병합,나래에너지서비스㈜,경기 하남시 풍산동,363,2015.10,운영중,2,181 MW,두산중공업,두산중공업,두산중공업,18kV,집단,정회원,시장,중앙
여주복합ST,복합화력,LNG,복합,여주에너지서비스㈜,경기 여주시 북내면,353,2023.07,운영중,1,353 MW,Siemens Energy,Siemens Energy,Siemens Energy,19.5kV,집단,정회원,시장,중앙
평택#4,기력,LNG,기력,서부발전㈜,경기 평택시 포승면,350,1983.8,운영중,1,350 MW,Babcock Hitachi,Hitachi,Hitachi,19kV,사업용,정회원,시장,중앙
평택#3,기력,LNG,기력,서부발전㈜,경기 평택시 포승면,350,1983.5,운영중,1,350 MW,Babcock Hitachi,Hitachi,Hitachi,19kV,사업용,정회원,시장,중앙
평택#1,기력,LNG,기력,서부발전㈜,경기 평택시 포승면,350,1980.4,운영중,1,350 MW,Babcock Hitachi,Hitachi,Hitachi,19kV,사업용,정회원,시장,중앙
평택#2,기력,LNG,기력,서부발전㈜,경기 평택시 포승면,350,1980.6,운영중,1,350 MW,Babcock Hitachi,Hitachi,Hitachi,19kV,사업용,정회원,시장,중앙
당진#2 GT,복합화력,LNG,복합,GS EPS㈜,충남 당진시 송악읍,349,2008.3,운영중,2,174 MW,-,Siemens,Siemens,15kV,사업용,정회원,시장,중앙
여수#1,기력,유연탄,기력,남동발전㈜,전남 여수시 증흥동,340,2016.8,운영중,1,340 MW,두산중공업,두산중공업,두산중공업,20kV,사업용,정회원,시장,중앙
여주복합GT#2,복합화력,LNG,복합,여주에너지서비스㈜,경기 여주시 북내면,336,2023.07,운영중,1,336 MW,Siemens Energy,Siemens Energy,Siemens Energy,19.5kV,집단,정회원,시장,중앙
여주복합GT#1,복합화력,LNG,복합,여주에너지서비스㈜,경기 여주시 북내면,336,2023.07,운영중,1,336 MW,Siemens Energy,Siemens Energy,Siemens Energy,18kV,집단,정회원,시장,중앙
내포그린열병합 GT,집단에너지,LNG,열병합,내포그린에너지㈜,충남 예산군 삽교읍,329,2023.05,운영중,1,329 MW,GE,GE,GE,30kV,집단,정회원,시장,중앙
여수#2,기력,유연탄,기력,남동발전㈜,전남 여수시 증흥동,328,1977.7,운영중,1,328 MW,B&W(영),Mitsubishi,Melco(일),20kV,사업용,정회원,시장,중앙
인천#2 GT,복합화력,LNG,복합,중부발전㈜,인천 서구 원창동,327,2009.6,운영중,2,163 MW,-,Siemens,Siemens,16kV,사업용,정회원,시장,중앙
율촌#1 GT,복합화력,LNG,복합,씨지앤율촌전력㈜,전남 순천시 해룡면,327,2004.7,운영중,2,163 MW,-,Siemens,WH,16.5kV,사업용,준회원,시장,중앙
당진#1 GT,복합화력,LNG,복합,GS EPS㈜,충남 당진시 송악읍,321,2000.7,운영중,2,160 MW,-,Siemens,Siemens,16kV,사업용,준회원,시장,중앙
인천#1 GT,복합화력,LNG,복합,중부발전㈜,인천 서구 원창동,321,2005.6,운영중,2,160 MW,-,Siemens,Siemens,16kV,사업용,정회원,시장,중앙
안양열병합#2-1 GT,집단에너지,LNG,열병합,GS파워㈜,경기 안양시 평촌동,320,2018.5,운영중,1,320 MW,BHI,GE,GE,-,집단,정회원,시장,중앙
당진#4 ST,복합화력,LNG,복합,GS EPS㈜,충남 당진시 송악읍,306,2017.4,운영중,1,306 MW,GS엔텍,Siemens,Siemens,19kV,사업용,정회원,시장,중앙
광양#1 GT,복합화력,LNG,복합,SK E&S㈜,전남 광양시 금호동,306,2006.2,운영중,2,153 MW,-,Hitachi,GE,18kV,사업용,정회원,시장,중앙
광양#2 GT,복합화력,LNG,복합,SK E&S㈜,전남 광양시 금호동,306,2006.5,운영중,2,153 MW,-,Hitachi,GE,18kV,사업용,정회원,시장,중앙
새만금열병합,집단에너지,유연탄,열병합,OCI SE,전북 군산시 오식도동,303,"2015.10, 2015.11",운영중,2,151 MW,두산중공업,두산중공업,두산중공업,17kV,집단,정회원,시장,비중앙
포스코#4 GT,복합화력,LNG,복합,포스코에너지㈜,인천 서구 원창동,300,1997.7,운영중,3,100 MW,-,WH,WH,13.8kV,사업용,정회원,시장,중앙
부산#4 GT,복합화력,LNG,복합,남부발전㈜,부산 사하구 감천동,300,2004.3,운영중,2,150 MW,-,두산중공업,GE,18kV,사업용,정회원,시장,중앙
인천#3 GT,복합화력,LNG,복합,중부발전㈜,인천 서구 원창동,300,2012.12,운영중,2,150 MW,-,Alstom(ABB),Alstom(ABB),18kV,사업용,정회원,시장,중앙
부산#1 GT,복합화력,LNG,복합,남부발전㈜,부산 사하구 감천동,300,2003.5,운영중,2,150 MW,-,두산중공업,GE,18kV,사업용,정회원,시장,중앙
서인천 #5~8 ST,복합화력,LNG,복합,서부발전㈜,인천 서구 경서동,300,"1992.10, 1992.11",운영중,4,75 MW,한중,GE,GE,13.8kV,사업용,정회원,시장,중앙
부산#2 GT,복합화력,LNG,복합,남부발전㈜,부산 사하구 감천동,300,2003.6,운영중,2,150 MW,-,두산중공업,GE,18kV,사업용,정회원,시장,중앙
"신인천#1,2 ST",복합화력,LNG,복합,남부발전㈜,인천 서구 경서동,300,1997.7,운영중,2,150 MW,한중,GE,GE,18kV,사업용,정회원,시장,중앙
서인천#1~4 ST,복합화력,LNG,복합,서부발전㈜,인천 서구 경서동,300,"1992.7, 1992.9",운영중,4,75 MW,한중,GE,GE,13.8kV,사업용,정회원,시장,중앙
"신인천#3,4 ST",복합화력,LNG,복합,남부발전㈜,인천 서구 경서동,300,1997.7,운영중,2,150 MW,한중,GE,GE,18kV,사업용,정회원,시장,중앙
울산#2 GT,복합화력,LNG,복합,동서발전㈜,울산 남구 남화동,300,1996.7,운영중,2,150 MW,-,WH,WH,21kV,사업용,정회원,시장,중앙
부산#3 GT,복합화력,LNG,복합,남부발전㈜,부산 사하구 감천동,300,2004.2,운영중,2,150 MW,-,두산중공업,GE,18kV,사업용,정회원,시장,중앙
울산#3 GT,복합화력,LNG,복합,동서발전㈜,울산 남구 남화동,300,1996.7,운영중,2,150 MW,-,WH,WH,21kV,사업용,정회원,시장,중앙
안양 GT,집단에너지,LNG,열병합,GS파워㈜,경기 안양시 관양동,300,1992.6,운영중,4,75 MW,-,ABB,ABB,13.8kV,집단,정회원,시장,중앙
포스코#3 GT,복합화력,LNG,복합,포스코에너지㈜,인천 서구 원창동,300,1996.7,운영중,3,100 MW,-,WH,WH,13.8kV,사업용,정회원,시장,중앙
부천 GT,집단에너지,LNG,열병합,GS파워㈜,경기 부천시 삼정동,300,"1993.1, 1993.2",운영중,3,100 MW,-,WH,BRUSH,13.8kV,집단,정회원,시장,중앙
영월 ST,복합화력,LNG,복합,남부발전㈜,강원 영월군 영월읍,299,2010.10,운영중,1,299 MW,두산중공업,두산중공업,두산중공업,18kV,사업용,정회원,시장,중앙
포천천연 ST,복합화력,LNG,복합,포천민자발전㈜,경기 포천시 신북면,298,2017.3,운영중,1,298 MW,BHI,MHPS,MELCO,20kV,사업용,정회원,시장,중앙
울산#4 ST,복합화력,LNG,복합,동서발전㈜,울산 남구 남화동,298,2014.7,운영중,1,298 MW,세대이노텍,MHI,MHI,20kV,사업용,정회원,시장,중앙
파주문산#1 ST,복합화력,LNG,복합,파주에너지서비스㈜,경기 파주시 파주읍,296,2017.2,운영중,1,296 MW,Siemens,Siemens,Siemens,19kV,사업용,정회원,시장,중앙
파주문산#2 ST,복합화력,LNG,복합,파주에너지서비스㈜,경기 파주시 파주읍,296,2017.3,운영중,1,296 MW,Siemens,Siemens,Siemens,19kV,사업용,정회원,시장,중앙
평택#2 ST,복합화력,LNG,복합,서부발전㈜,경기 평택시 포승면,295,2014.9,운영중,1,295 MW,세대에너텍,MHI,MELCO,20kV,사업용,정회원,시장,중앙
율촌#2 ST,복합화력,LNG,복합,씨지앤율촌전력㈜,전남 순천시 해룡면,292,2014.4,운영중,1,292 MW,MHPS,MHPS,MHPS,20kV,사업용,정회원,시장,중앙
영남파워 GT,복합화력,LNG,복합,코스포영남파워㈜,울산 남구 장생포로,292,2017.10,운영중,1,292 MW,-,MHPS,MELCO,-,사업용,정회원,시장,중앙
동두천#1 ST,복합화력,LNG,복합,동두천드림파워㈜,경기 동두천시 지형동,285,2015.3,운영중,1,285 MW,DHI,MHI,MHI,20kV,사업용,정회원,시장,중앙
동두천#2 ST,복합화력,LNG,복합,동두천드림파워㈜,경기 동두천시 지형동,285,2015.1,운영중,1,285 MW,DHI,MHI,MHI,20kV,사업용,정회원,시장,중앙
신평택 ST,복합화력,LNG,복합,신평택발전㈜,경기 평택시 포승읍,282,2019.10,운영중,1,282 MW,-,MHPS,MELCO,20kV,사업용,정회원,시장,중앙
오성 ST,복합화력,LNG,복합,평택에너지서비스㈜,경기 평택시 오성면,272,2013.3,운영중,1,272 MW,두산중공업,GE,GE,18kV,사업용,정회원,시장,중앙
안산 ST,복합화력,LNG,복합,㈜에스파워,경기 안산시 단원구,265,2014.11,운영중,1,265 MW,Siemens,Siemens,Siemens,19kV,사업용,정회원,시장,중앙
금호여수열병합,집단에너지,유연탄,열병합,금호석유화학㈜,전남 여수시 화치동,264,"2009.4, 2016.2",운영중,2,132 MW,스미토모(SHI),Fingspon,Siemens,-,집단,정회원,시장,비중앙
군산 ST,복합화력,LNG,복합,서부발전㈜,전북 군산시 경암동,251,2010.5,운영중,1,251 MW,S&TC,MHI,MHI,21kV,사업용,정회원,시장,중앙
호남#1,기력,유연탄,기력,동서발전㈜,전남 여수시 월내동,250,"1973.4, 1985.3",운영중,1,125 MW,Babcock/,Alsthom,Alsthom,24kV,사업용,정회원,시장,중앙
호남#2,기력,유연탄,기력,동서발전㈜,전남 여수시 월내동,250,"1973.5, 1984.12",운영중,1,125 MW,Babcock/,Alsthom,Alsthom,24kV,사업용,정회원,시장,중앙
SGC에너지#4,집단에너지,유연탄,열병합,에쓰지씨에너지㈜,전북 군산시 소룡동,250,2016.4,운영중,1,250 MW,Foster Wheeler,Siemens,Siemens,17.5kV,집단,정회원,시장,비중앙
당진#3 GT,복합화력,LNG,복합,GS EPS㈜,충남 당진시 송악읍,250,2013.8,운영중,1,250 MW,-,Siemens,Siemens,23kV,사업용,정회원,시장,중앙
동탄열병합 #2 GT,집단에너지,LNG,열병합,지역난방공사,경기 화성시 동탄기흥로,246,2017.12,운영중,1,246 MW,GE PSK,두산중공업,두산중공업,18kV,집단,정회원,시장,중앙
동탄열병합 #1 GT,집단에너지,LNG,열병합,지역난방공사,경기 화성시 동탄기흥로,246,2017.11,운영중,1,246 MW,GE PSK,두산중공업,두산중공업,18kV,집단,정회원,시장,중앙
포천#1 ST,복합화력,LNG,복합,포천파워㈜,경기 포천시 창수면,244,2014.6,운영중,1,244 MW,두산중공업,MHI,두산중공업,18kV,사업용,정회원,시장,중앙
포천#2 ST,복합화력,LNG,복합,포천파워㈜,경기 포천시 창수면,244,2014.8,운영중,1,244 MW,두산중공업,MHI,두산중공업,18kV,사업용,정회원,시장,중앙
포스코#7 GT,복합화력,LNG,복합,포스코에너지㈜,인천 서구 원창동,242,2014.7,운영중,1,242 MW,-,Siemens,Siemens,23kV,사업용,정회원,시장,중앙
포스코#8 GT,복합화력,LNG,복합,포스코에너지㈜,인천 서구 원창동,242,2014.10,운영중,1,242 MW,-,Siemens,Siemens,23kV,사업용,정회원,시장,중앙
포스코#9 GT,복합화력,LNG,복합,포스코에너지㈜,인천 서구 원창동,242,2015.1,운영중,1,242 MW,-,Siemens,Siemens,23kV,사업용,정회원,시장,중앙
서울복합#2 GT,복합화력,LNG,복합,중부발전㈜,서울 마포구 토정로,241,2019..6,운영중,1,241 MW,두산중공업,두산중공업,두산중공업,18kV,사업용,정회원,시장,중앙
서울복합#1 GT,복합화력,LNG,복합,중부발전㈜,서울 마포구 토정로,241,2019.11,운영중,1,241 MW,두산중공업,두산중공업,두산중공업,18kV,사업용,정회원,시장,중앙
팔당,수력,수력,수력,한수원,경기 남양주시 조안면(한강수계 북한강 팔당호),240,1973.12,운영중,8,30 MW,-,CREUSOT LOIRE,JEUMONT SCHNEIDER,6kV,사업용,정회원,시장,중앙
안동 GT,복합화력,LNG,복합,남부발전㈜,경북 안동시 풍산읍,234,2014.3,운영중,1,234 MW,-,Siemens,Siemens,23kV,사업용,정회원,시장,중앙
분당#2 GT,복합화력,LNG,복합,남동발전㈜,경기 성남시 분당동,233,1995.6,운영중,3,77 MW,-,ABB,ABB,13.8kV,사업용,정회원,시장,중앙
김포열병합GT,집단에너지,LNG,열병합,서부발전㈜,경기 김포시 양촌읍,229,2023.07,운영중,1,229 MW,두산에너빌리티,두산에너빌리티,두산에너빌리티,19.5kV,집단,정회원,시장,중앙
포스코#5 ST,복합화력,LNG,복합,포스코에너지㈜,인천 서구 원창동,208,2011.2,운영중,1,208 MW,BHI(범우중공업),Siemens,Siemens,16.5kV,사업용,정회원,시장,중앙
포스코#6 ST,복합화력,LNG,복합,포스코에너지㈜,인천 서구 원창동,208,2011.6,운영중,1,208 MW,BHI(범우중공업),Siemens,Siemens,16.5kV,사업용,정회원,시장,중앙
동해#2,기력,무연탄,기력,동서발전㈜,강원 동해시 구호동,200,1999.9,운영중,1,200 MW,한중/CE,한중/GE,한중/GE,20kV,사업용,정회원,시장,중앙
동해#1,기력,무연탄,기력,동서발전㈜,강원 동해시 구호동,200,1998.9,운영중,1,200 MW,ABB-CE,한중/GE,한중/GE,20kV,사업용,정회원,시장,중앙
일산#1 ST,복합화력,LNG,복합,동서발전㈜,경기 고양시 백석동,200,1993.12,운영중,1,200 MW,MHI,WH,MHI,20kV,사업용,정회원,시장,중앙
영동#2,기력,바이오중유,신재생,남동발전㈜,강원 강릉시 강동면,200,1979.10,운영중,1,200 MW,Hitachi,Hitachi,Hitachi,21kV,사업용,정회원,시장,중앙
일산#2 GT,복합화력,LNG,복합,동서발전㈜,경기 고양시 백석동,200,1995.6,운영중,2,100 MW,-,WH,MHI,13.8kV,사업용,정회원,시장,중앙
울산#1 GT,복합화력,LNG,복합,동서발전㈜,울산 남구 남화동,200,1995.6,운영중,2,100 MW,-,WH,WH,21kV,사업용,정회원,시장,중앙
율촌#1 ST,복합화력,LNG,복합,씨지앤율촌전력㈜,전남 순천시 해룡면,197,2005.7,운영중,1,197 MW,Siemens,Siemens,Siemens,18kV,사업용,준회원,시장,중앙
광양#2 ST,복합화력,LNG,복합,SK E&S㈜,전남 광양시 금호동,188,2006.5,운영중,1,188 MW,GE,Hitachi,GE,20kV,사업용,정회원,시장,중앙
광양#1 ST,복합화력,LNG,복합,SK E&S㈜,전남 광양시 금호동,188,2006.2,운영중,1,188 MW,GE,Hitachi,GE,20kV,사업용,정회원,시장,중앙
송도복합,집단에너지,LNG,열병합,인천종합에너지㈜,인천 연수구 송도동,187,2010.4,운영중,3,59 MW,세대에너텍,GE,GE,13.8kV,집단,정회원,시장,중앙
분당#1 ST,복합화력,LNG,복합,남동발전㈜,경기 성남시 분당동,185,1993.9,운영중,1,185 MW,ABB-CE,ABB,ABB,17kV,사업용,정회원,시장,중앙
당진#2 ST,복합화력,LNG,복합,GS EPS㈜,충남 당진시 송악읍,184,2008.3,운영중,1,184 MW,Siemens,Siemens,Siemens,15kV,사업용,정회원,시장,중앙
인천#1 ST,복합화력,LNG,복합,중부발전㈜,인천 서구 원창동,182,2005.6,운영중,1,182 MW,두산중공업,Siemens,Siemens,16kV,사업용,정회원,시장,중앙
인천#2 ST,복합화력,LNG,복합,중부발전㈜,인천 서구 원창동,180,2009.6,운영중,1,180 MW,세대에너텍,Siemens,Siemens,16kV,사업용,정회원,시장,중앙
당진#1 ST,복합화력,LNG,복합,GS EPS㈜,충남 당진시 송악읍,178,2001.4,운영중,1,178 MW,Siemens,Siemens,Siemens,16kV,사업용,준회원,시장,중앙
포천그린에너지,집단에너지,유연탄,열병합,지에스포천그린에너지,경기 포천시 신북면,169,2018.5,운영중,1,169 MW,신텍,Siemens,Siemens,16.8kV,집단,정회원,시장,비중앙
내포그린열병합 ST,집단에너지,LNG,열병합,내포그린에너지㈜,충남 예산군 삽교읍,166,2023.05,운영중,1,166 MW,GE,GE,GE,26kV,집단,정회원,시장,중앙
안양열병합#2-1 ST,집단에너지,LNG,열병합,GS파워㈜,경기 안양시 평촌동,160,2018.5,운영중,1,160 MW,BHI,GE,GE,-,집단,정회원,시장,중앙
부산#2 ST,복합화력,LNG,복합,남부발전㈜,부산 사하구 감천동,150,2003.6,운영중,1,150 MW,두산중공업,두산중공업,GE,18kV,사업용,정회원,시장,중앙
포스코#4 ST,복합화력,LNG,복합,포스코에너지㈜,인천 서구 원창동,150,2001.09,운영중,1,150 MW,두산중공업,Hitachi,Hitachi,17kV,사업용,정회원,시장,중앙
울산#2 ST,복합화력,LNG,복합,동서발전㈜,울산 남구 남화동,150,1997.6,운영중,1,150 MW,MHI,MHI,WH,21kV,사업용,정회원,시장,중앙
부천 ST,집단에너지,LNG,열병합,GS파워㈜,경기 부천시 삼정동,150,1993.11,운영중,1,150 MW,MHI,MHI,WH,18kV,집단,정회원,시장,중앙
인천#3 ST,복합화력,LNG,복합,중부발전㈜,인천 서구 원창동,150,2012.12,운영중,1,150 MW,두산중공업,두산중공업,두산중공업,18kV,사업용,정회원,시장,중앙
부산#3 ST,복합화력,LNG,복합,남부발전㈜,부산 사하구 감천동,150,2004.2,운영중,1,150 MW,두산중공업,두산중공업,GE,18kV,사업용,정회원,시장,중앙
포스코#3 ST,복합화력,LNG,복합,포스코에너지㈜,인천 서구 원창동,150,1999.11,운영중,1,150 MW,두산중공업,Hitachi,Hitachi,17kV,사업용,정회원,시장,중앙
울산#3 ST,복합화력,LNG,복합,동서발전㈜,울산 남구 남화동,150,1997.8,운영중,1,150 MW,MHI,MHI,WH,21kV,사업용,정회원,시장,중앙
부산#4 ST,복합화력,LNG,복합,남부발전㈜,부산 사하구 감천동,150,2004.3,운영중,1,150 MW,두산중공업,두산중공업,GE,18kV,사업용,정회원,시장,중앙
안양 ST,집단에너지,LNG,열병합,GS파워㈜,경기 안양시 관양동,150,1993.9,운영중,1,150 MW,ABB-CE,ABB,ABB,16kV,집단,정회원,시장,중앙
부산#1 ST,복합화력,LNG,복합,남부발전㈜,부산 사하구 감천동,150,2003.5,운영중,1,150 MW,두산중공업,두산중공업,GE,18kV,사업용,정회원,시장,중앙
영남파워 ST,복합화력,LNG,복합,코스포영남파워㈜,울산 남구 장생포로,150,2017.10,운영중,1,150 MW,S&TC,MHPS,MELCO,-,사업용,정회원,시장,중앙
판교열병합,집단에너지,LNG,열병합,지역난방공사,경기 성남시 판교동,146,2010.10,운영중,2,73 MW,대경기계기술,GE,GE,13.8kV,집단,정회원,시장,중앙
광교열병합,집단에너지,LNG,열병합,지역난방공사,경기 수원시 이의동,144,2012.11,운영중,2,72 MW,-,Siemens,Siemens,13.8kV,집단,정회원,시장,중앙
청평,수력,수력,수력,한수원,경기 가평군 외서면(한강수계 북한강 청평호),140,"1943.10, 1968.4, 2011.12",운영중,4,40 MW,-,Hitachi,Hitachi,11kV,사업용,정회원,시장,중앙
포스코#8 ST,복합화력,LNG,복합,포스코에너지㈜,인천 서구 원창동,132,2014.10,운영중,1,132 MW,BHI(범우중공업),Siemens,Siemens,23kV,사업용,정회원,시장,중앙
포스코#9 ST,복합화력,LNG,복합,포스코에너지㈜,인천 서구 원창동,132,2015.1,운영중,1,132 MW,BHI(범우중공업),Siemens,Siemens,23kV,사업용,정회원,시장,중앙
포스코#7 ST,복합화력,LNG,복합,포스코에너지㈜,인천 서구 원창동,132,2014.7,운영중,1,132 MW,BHI(범우중공업),Siemens,Siemens,23kV,사업용,정회원,시장,중앙
당진#3 ST,복합화력,LNG,복합,GS EPS㈜,충남 당진시 송악읍,132,2013.8,운영중,1,132 MW,Siemens,Siemens,Siemens,23kV,사업용,정회원,시장,중앙
동탄열병합 #1 ST,집단에너지,LNG,열병합,지역난방공사,경기 화성시 동탄기흥로,131,2017.11,운영중,1,131 MW,GE PSK,두산중공업,두산중공업,17kV,집단,정회원,시장,중앙
동탄열병합 #2 ST,집단에너지,LNG,열병합,지역난방공사,경기 화성시 동탄기흥로,131,2017.12,운영중,1,131 MW,GE PSK,두산중공업,두산중공업,17kV,집단,정회원,시장,중앙
안동 ST,복합화력,LNG,복합,남부발전㈜,경북 안동시 풍산읍,127,2014.3,운영중,1,127 MW,Siemens,Siemens,Siemens,23kV,사업용,정회원,시장,중앙
서울복합#1 ST,복합화력,LNG,복합,중부발전㈜,서울 마포구 토정로,127,2019.11,운영중,1,127 MW,두산중공업,두산중공업,두산중공업,16.5kV,사업용,정회원,시장,중앙
인천공항,집단에너지,LNG,열병합,인천공항에너지㈜,인천 중구 운서동,127,2001.3,운영중,3,40 MW,-,WH(GT),BRUSH,-,집단,정회원,시장,중앙
서울복합#2 ST,복합화력,LNG,복합,중부발전㈜,서울 마포구 토정로,127,2019..6,운영중,1,127 MW,두산중공업,두산중공업,두산중공업,16.5kV,사업용,정회원,시장,중앙
김포열병합ST,집단에너지,LNG,열병합,서부발전㈜,경기 김포시 양촌읍,120,2023.07,운영중,1,120 MW,두산에너빌리티,두산에너빌리티,두산에너빌리티,22kV,집단,정회원,시장,중앙
분당#2 ST,복합화력,LNG,복합,남동발전㈜,경기 성남시 분당동,115,1997.3,운영중,1,115 MW,ABB-한중,ABB,ABB,13.8kV,사업용,정회원,시장,중앙
별내열병합,집단에너지,LNG,열병합,별내에너지,경기 남양주시 별내동,115,2013.7,운영중,3,37 MW,-,Siemens,ABB,13.8kV,집단,정회원,시장,중앙
수완에너지,집단에너지,LNG,열병합,수완에너지㈜,광주 광산구 수완동,115,"2010.4, 2013.3",운영중,3,18 MW,-,Siemens,ABB,13.8kV,집단,정회원,시장,중앙
"제주GT#1,2",내연력,경유,내연,한국전력,제주 제주시 삼양동,110,1977.12,운영중,2,55 MW,-,UTI,BRUSH,-,사업용,비회원,시장외,비중앙
화천,수력,수력,수력,한수원,강원 화천군 간동면(한강수계 북한강 파로호),108,"1944.10, 1957.11, 1968.6",운영중,4,27 MW,-,Hitachi,Hitachi,11kV,사업용,정회원,시장,중앙
아산배방열병합,집단에너지,LNG,열병합,토지주택공사,충남 아산시 배방읍,101,"2011.1, 2014.10",운영중,3,15 MW,한국BNTC,Siemens,ABB,13.8kV,집단,정회원,시장,중앙
울산#1 ST,복합화력,LNG,복합,동서발전㈜,울산 남구 남화동,100,"1979.1, 1987",운영중,1,50 MW,삼성중공업,Toshiba,Toshiba,21kV,사업용,정회원,시장,중앙
일산#2 ST,복합화력,LNG,복합,동서발전㈜,경기 고양시 백석동,100,1996.3,운영중,1,100 MW,MHI,WH,MHI,13.8kV,사업용,정회원,시장,중앙
남제주#2,기력,바이오중유,신재생,남부발전㈜,제주 서귀포시 안덕면,100,2007.3,운영중,1,100 MW,두산중공업,Mitsubish,Mitsubish,13.8kV,사업용,정회원,시장,중앙
남제주#1,기력,바이오중유,신재생,남부발전㈜,제주 서귀포시 안덕면,100,2006.9,운영중,1,100 MW,두산중공업,Mitsubish,Mitsubish,13.8kV,사업용,정회원,시장,중앙
합천,수력,수력,수력,수자원공사,경남 합천군 용주면(낙동강수계 황강 합천호),100,1989.3,운영중,2,50 MW,-,Fuji,Fuji,13.2kV,사업용,정회원,시장,중앙
남제주복합 GT,복합화력,LNG,복합,남부발전㈜,제주 서귀포시 안덕면,97,2020.11,운영중,2,48 MW,-,-,-,-,사업용,정회원,시장,중앙
구미열병합,집단에너지,유연탄,열병합,㈜GS E&R,경북 구미시 공단 2동,97,1991.11,운영중,1,97 MW,삼성중공업,ABB,ABB,-,집단,정회원,시장,비중앙
대산 ST,복합화력,LNG,복합,씨지앤대산전력㈜,충남 서산시 대산읍,91,1998.3,운영중,1,91 MW,현대중공업,현대중공업(ST),현대중공업,13kV,사업용,정회원,시장,중앙
대청,수력,수력,수력,수자원공사,충북 청원군 문의면(금강본류 대청호),90,1980.11,운영중,2,45 MW,-,Toshiba,Toshiba,13.2kV,사업용,정회원,시장,중앙
안동,수력,수력,수력,수자원공사,경북 안동시 성곡동(낙동강본류 안동호),90,1976.10,운영중,2,45 MW,-,Deriaz,Fuji,11kV,사업용,정회원,시장,중앙
대전열병합,집단에너지,중유,열병합,대전열병합발전㈜,대전 대덕구 신일동,88,1997.7,운영중,1,88 MW,현대중공업,ABB,ABB,13.8kV,집단,정회원,시장,중앙
강릉,수력,수력,수력,한수원,강원 강릉시 성산면(남한강지류 송천 도암호),82,"1990.12, 1991.1",운영중,2,41 MW,-,Fuji,한중,-,사업용,정회원,시장,중앙
양산열병합GT,집단에너지,LNG,열병합,지역난방공사,경남 양산시 동면,78,2023.08,운영중,1,78 MW,BHI,GE,GE,18kV,집단,정회원,시장,중앙
반원열병합,집단에너지,유연탄,열병합,㈜GS E&R,경기 안산시 초지동,76,1990.8,운영중,1,76 MW,한중,ABB,ABB,13.8kV,집단,정회원,시장,비중앙
제주#3,기력,바이오중유,신재생,중부발전㈜,제주 제주시 삼양동,75,2000.12,운영중,1,75 MW,한중,Fuji,Fuji,13.8kV,사업용,정회원,시장,중앙
제주#2,기력,바이오중유,신재생,중부발전㈜,제주 제주시 삼양동,75,2000.3,운영중,1,75 MW,한중,Fuji,Fuji,13.8kV,사업용,정회원,시장,중앙
대구염색,집단에너지,유연탄,열병합,대구염색산업단지관리공단,대구 서구 평리동,72,2004.2,운영중,1,72 MW,FCB,Siemens,Siemens,13.8kV,집단,정회원,시장,비중앙
제주복합#1 GT,복합화력,유류,복합,중부발전㈜,제주 제주시 원당로,71,2018..6,운영중,1,71 MW,GE,GE,GE,13.8kV,사업용,정회원,시장,중앙
한림 GT,복합화력,LNG,복합,남부발전㈜,제주 제주시 한림읍,70,"1995.6, 1996.6",운영중,2,35 MW,-,한중/GE,한중/GE,13.8kV,사업용,정회원,시장,중앙
춘천,수력,수력,수력,한수원,강원 춘천시 신북읍(한강수계 북한강 춘천호),62,"1965.1, 1965.2",운영중,2,31 MW,-,Toshiba,Toshiba,11kV,사업용,정회원,시장,중앙
안산열병합,집단에너지,LNG,열병합,안산도시개발,경기 안산시 초지동,60,2001.7,운영중,1,60 MW,대우,MHI,Alstom,13.8kV,집단,정회원,시장,중앙
SGC에너지#3,집단에너지,기타,열병합,에쓰지씨에너지㈜,전북 군산시 소룡동,60,2014.1,운영중,1,60 MW,현대중공업,Siemens,BRUSH,13.8kV,집단,정회원,시장,비중앙
김천열병합,집단에너지,유연탄,열병합,김천에너지서비스㈜,경북 김천시 응명동,59,2013.4,운영중,1,59 MW,-,-,-,-,집단,정회원,시장,비중앙
제주복합#2 GT,복합화력,LNG,복합,중부발전㈜,제주 제주시 원당로,58,2018..8,운영중,1,58 MW,GE,GE,GE,13.8kV,사업용,정회원,시장,중앙
청주열병합,집단에너지,중유,열병합,지역난방공사,충북 청주시 흥덕구 죽림동,58,2000.10,운영중,1,58 MW,현대중공업,MHI,Melco,13.8kV,집단,정회원,시장,중앙
제주GT#3,내연력,경유,내연,중부발전㈜,제주 제주시 삼양동,55,1977.12,운영중,1,55 MW,-,UTI,BRUSH,-,사업용,정회원,시장,중앙
SGC에너지#1,집단에너지,역청탄,열병합,에쓰지씨에너지㈜,전북 군산시 소룡동,54,2008.1,운영중,1,54 MW,현대중공업,Siemens,Siemens,-,집단,정회원,시장,비중앙
임하,수력,수력,수력,수자원공사,경북 안동시 임하면(낙동가지류 반변천 임하호),50,1992.7,운영중,2,25 MW,-,Voest Alpine,Elin Union,11kV,사업용,정회원,시장,중앙
남제주복합 ST,복합화력,LNG,복합,남부발전㈜,제주 서귀포시 안덕면,49,2020.11,운영중,1,49 MW,-,-,-,-,사업용,정회원,시장,중앙
대전서남부,집단에너지,LNG,열병합,토지주택공사,대전 유성구 원신흥동,48,2011.1,운영중,1,48 MW,신텍,KAWASAKI,Meidensha,13.8kV,집단,정회원,시장,중앙
의암,수력,수력,수력,한수원,강원 춘천시 신동면(한강수계 북한강 의암호),48,1967.8,운영중,2,24 MW,-,Toshiba,Toshiba,11kV,사업용,정회원,시장,중앙
데이원열병합,집단에너지,유연탄,열병합,데이원에너지㈜,전남 여수시 중흥동,48,2013.3,운영중,1,48 MW,-,-,-,-,집단,정회원,시장,비중앙
수원열병합,집단에너지,중유,열병합,지역난방공사,경기 수원시 팔달구 영통동,43,1997.12,운영중,1,43 MW,삼강수기,MHI,삼성중공업,13.8kV,집단,정회원,시장,중앙
대구열병합,집단에너지,중유,열병합,지역난방공사,대구 달서구 대천동,43,1997.3,운영중,1,43 MW,대우중공업,KAWASAKI,GEC. Alsthom,13.8kV,집단,정회원,시장,중앙
제주복합#1 ST,복합화력,유류,복합,중부발전㈜,제주 제주시 원당로,42,2018..6,운영중,1,42 MW,GE,GE,GE,13.8kV,사업용,정회원,시장,중앙
양산열병합ST,집단에너지,LNG,열병합,지역난방공사,경남 양산시 동면,40,2023.08,운영중,1,40 MW,BHI,Siemens,Siemens,13.8,집단,정회원,시장,중앙
제주내연#1,내연력,중유,내연,중부발전㈜,제주 제주시 삼양동,40,2005.6,운영중,1,40 MW,-,두산엔진,Alstom,-,사업용,정회원,시장,중앙
제주내연#2,내연력,중유,내연,중부발전㈜,제주 제주시 삼양동,40,2009.6,운영중,1,40 MW,-,두산엔진,Alstom,-,사업용,정회원,시장,중앙
노원열병합,집단에너지,LNG,열병합,서울에너지공사,서울 노원구 상계동,37,1994.12,운영중,1,37 MW,두산중공업,Mitusui,Meidensha,13.8kV,집단,정회원,시장,중앙
한림 ST,복합화력,LNG,복합,남부발전㈜,제주 제주시 한림읍,35,1997.7,운영중,1,35 MW,한중,한중/GE,한중/GE,13.8kV,사업용,정회원,시장,중앙
칠보,수력,수력,수력,한수원,전북 정읍시 칠보면(섬진강수계 섬진강옥정호),35,"1945.4, 1965.12, 1985.3",운영중,3,11 MW,-,MHI,MHI,11kV,사업용,정회원,시장,중앙
제주복합#2 ST,복합화력,LNG,복합,중부발전㈜,제주 제주시 원당로,34,2018..8,운영중,1,34 MW,GE,GE,GE,13.8kV,사업용,정회원,시장,중앙
SGC에너지#2,집단에너지,역청탄,열병합,에쓰지씨에너지㈜,전북 군산시 소룡동,30,2009.11,운영중,1,30 MW,현대중공업,Siemens,Siemens,-,집단,정회원,시장,비중앙
SGC에너지#5,집단에너지,유연탄,열병합,에쓰지씨에너지㈜,전북 군산시 소룡동,28,2017.4,운영중,1,28 MW,-,Siemens,Siemens,13.8kV,집단,정회원,시장,비중앙
무림파워텍열병합,집단에너지,중유,열병합,무림파워텍㈜,경남 진주시 상대동,26,1999.4,운영중,1,26 MW,KAWASAKI 동양보일러,KAWASAKI,KAWASAKI,11kV,집단,정회원,시장,중앙
부산정관에너지 GT,복합화력,LNG,복합,부산정관에너지,부산 기장군 정관읍,26,2017.7,운영중,1,26 MW,-,-,-,22kV,사업용,정회원,시장,중앙
논현열병합,집단에너지,LNG,열병합,㈜미래엔인천에너지,인천 남동구 고잔동,24,2007.10,운영중,1,24 MW,Yoshimine 동부중공업,Shinnippon,Shinnippon,13.8kV,집단,정회원,시장,중앙
주암,수력,수력,수력,수자원공사,전남 순천시 주암면(섬진강수계 보성강 주암호),23,"1991.4, 2007.5",운영중,3,6 MW,-,대우중공업,Toshiba,6.6kV,사업용,정회원,시장,중앙
용담1수력,수력,수력,수력,수자원공사,전북 진안군 용담면,22,2001.9,운영중,2,11 MW,-,Fuji,Fuji,13.8kV,사업용,정회원,시장,중앙
목동열병합,집단에너지,LNG,열병합,서울에너지공사,서울 양천구 목동,21,1987.12,운영중,1,21 MW,두산중공업,Siemens,Siemens,13.8kV,집단,정회원,시장,중앙
전북집단에너지,집단에너지,유연탄,열병합,전북집단에너지㈜,전북 익산시 신흥동,19,1992.4,운영중,1,19 MW,KAWASAKI,KAWASAKI,KAWASAKI,-,집단,정회원,시장,비중앙
부산정관에너지 ST,복합화력,LNG,복합,부산정관에너지,부산 기장군 정관읍,19,2017.7,운영중,1,19 MW,-,-,-,22kV,사업용,정회원,시장,중앙
부산염색,집단에너지,유연탄,열병합,부산패션칼라산업협동조합,부산 사하구 신평동,19,1993.2,운영중,1,19 MW,대우중공업,AE&E,Jeumento-Schneider,-,집단,정회원,시장,비중앙
남강,수력,소수력,소수력,수자원공사,경남 진주시 판문동(낙동강수계 남강 진양호),18,1998.10,운영중,1,18 MW,-,Alsthom,Alsthom,-,사업용,정회원,시장,비중앙
울릉도,내연력,경유,내연,한국전력,경북 울릉군 울릉읍 서면,18,1986.6 외 4건,운영중,9,2 MW,-,Niigata,효성중공업,-,사업용,비회원,시장외,비중앙
백령도,내연력,경유,내연,한국전력,인천시 옹진군 백령면,15,1999.12 외 3건,운영중,8,1 MW,-,쌍용중공업(Man B&W),보국전기,-,사업용,비회원,시장외,비중앙
남강#2,수력,소수력,소수력,수자원공사,경남 진주시 내동면,9,2019.11,운영중,1,9 MW,-,Andritz,Andritz,-,신재생,정회원,시장,비중앙
상공에너지열병합,집단에너지,유연탄,열병합,㈜상공에너지,전북 익산시 용제동,9,2012.3,운영중,1,9 MW,-,-,-,-,집단,정회원,시장,비중앙
연평도,내연력,경유,내연,한국전력,인천 옹진군 연평면 연평리,7,"2005.7, 2011.7",운영중,5,1 MW,-,STX(Man B&W),보국전기,-,사업용,비회원,시장외,비중앙
신정열병합,집단에너지,LNG,열병합,서울에너지공사,서울 양천구 신월동,6,2011.8,운영중,1,6 MW,-,캐터필러,-,6.6kV,집단,정회원,시장,비중앙
삼천포 해양,수력,소수력,소수력,남동발전,경남 고성군 하이면,6,2007.2,운영중,6,1 MW,-,독일 Ossberger,독일 Flender-Loher,-,신재생,정회원,시장,비중앙
용담,수력,소수력,소수력,수자원공사,전북 진안군 용담면,6,"2001.9, 2004.12, 2020.4",운영중,3,2 MW,-,Fuji,Fuji,-,신재생,정회원,시장,비중앙
함안보,수력,소수력,소수력,수자원공사,경남 함안군 칠북면,5,2012.3,운영중,1,5 MW,-,Andritz,Andritz,-,신재생,정회원,시장,비중앙
영주댐,수력,소수력,소수력,수자원공사,경북 영주시 평은면,5,2016.8,운영중,1,5 MW,-,대양수력,대양수력,-,신재생,정회원,시장,비중앙
보령화력#1,수력,소수력,소수력,중부발전,충남 보령시 오천면,5,2009.7,운영중,1,5 MW,-,대양전기,대양전기,-,신재생,정회원,시장,비중앙
신보령,수력,소수력,소수력,중부발전,충남 보령시 주교면,5,2016.10,운영중,1,5 MW,-,대양수력,대양수력,-,신재생,정회원,시장,비중앙
북평해양수력,수력,소수력,소수력,㈜GS동해전력,강원 동해시 공단4로,5,2016.1,운영중,1,5 MW,-,진런(중국),효성,-,신재생,정회원,시장,비중앙
합천·창녕보,수력,소수력,소수력,수자원공사,경남 합천군 청덕면,5,2012.6,운영중,1,5 MW,-,Mavel,현대중공업,-,신재생,정회원,시장,비중앙
추자도,내연력,경유,내연,한국전력,제주 제주시 추자면,5,1995.12 외 4건,운영중,7,0 MW,-,현대중공업(Man B&W),현대중전기,-,사업용,비회원,시장외,비중앙
영흥해양#3,수력,소수력,소수력,남동발전,인천 옹진군 영흥면,5,2014.5,운영중,1,5 MW,-,Hydro-energy,효성중공업,-,신재생,정회원,시장,비중앙
흑산도,내연력,경유,내연,한국전력,전남 신안군 흑산면,4,"1994.8, 1996.8, 2008.3",운영중,5,0 MW,-,현대중공업(Man B&W),현대중전기,-,사업용,비회원,시장외,비중앙
보성강,수력,소수력,소수력,한수원,전남 보성군 득량면(섬진강수계 보성강 보성저수지),4,1990.5,운영중,1,4 MW,-,Fuji,한중,-,신재생,정회원,시장,비중앙
영흥해양#2,수력,소수력,소수력,남동발전,인천 웅진군 영흥면,4,2011.9,운영중,1,4 MW,-,하이드로에너지,현대중공업,-,신재생,정회원,시장,비중앙
거문도,내연력,경유,내연,한국전력,전남 여수시 삼산면 덕촌리,4,"1989.4, 1997.7, 2005.8",운영중,5,0 MW,-,Man B&W,현대중전기,-,사업용,비회원,시장외,비중앙
강천보,수력,소수력,소수력,수자원공사,경기 여주군 여주읍,4,2011.12,운영중,1,4 MW,-,Gugler,효성중공업,-,신재생,정회원,시장,비중앙
당진화력#1,수력,소수력,소수력,동서발전,충남 당진시 석문면,4,2010.5,운영중,1,4 MW,-,대양전기,대양전기,-,신재생,정회원,시장,비중앙
여주보,수력,소수력,소수력,수자원공사,경기 여주시 능서면,4,2012.3,운영중,1,4 MW,-,Andritz,Andritz,-,신재생,정회원,시장,비중앙
이포보,수력,소수력,소수력,수자원공사,경기 여주군 금사면,3,2011.12,운영중,1,3 MW,-,Mavel,현대중공업,-,신재생,정회원,시장,비중앙
대청도,내연력,경유,내연,한국전력,인천 옹진군 대청면 대청리,3,"1995.2, 2006.8, 2011.3",운영중,4,0 MW,-,쌍용중공업,현대중전기,-,사업용,비회원,시장외,비중앙
공주보,수력,소수력,소수력,수자원공사,충남 공주시 우성면,3,2011.12,운영중,1,3 MW,-,Gugler,현대중공업,-,신재생,정회원,시장,비중앙
소향,수력,소수력,소수력,농어촌공사,전주 완주군 고산면,3,2018.12,운영중,1,3 MW,-,-,-,-,신재생,정회원,시장,비중앙
강정고령보,수력,소수력,소수력,수자원공사,대구 달성군 다사읍,3,2011.12,운영중,1,3 MW,-,Mavel,효성중공업,-,신재생,정회원,시장,비중앙
대아,수력,소수력,소수력,농어촌공사,전북 순천시 주안면,3,"1993.6, 1994.5",운영중,1,1 MW,-,대양전기,대양전기,-,신재생,정회원,시장,비중앙
영흥해양#1,수력,소수력,소수력,남동발전,인천 옹진군 영흥면,3,2008.3,운영중,1,3 MW,-,캐슬러,TES(체코),-,신재생,정회원,시장,비중앙
구미보,수력,소수력,소수력,수자원공사,경북 구미시 해평면,3,2011.12,운영중,1,3 MW,-,Gugler,효성중공업,-,신재생,정회원,시장,비중앙
당진화력2소수력,수력,소수력,소수력,동서발전,충남 당진시 석문면,3,2014.8,운영중,1,3 MW,-,harbin electricity machinery,harbin electricity machinery,-,신재생,정회원,시장,비중앙
칠곡보,수력,소수력,소수력,수자원공사,경북 칠곡군 석적읍,3,2012.6,운영중,1,3 MW,-,Andritz,Andritz,-,신재생,정회원,시장,비중앙
상주보,수력,소수력,소수력,수자원공사,경북 상주시 중동면,3,2012.6,운영중,1,3 MW,-,Andritz,Andritz,-,신재생,정회원,시장,비중앙
조도,내연력,경유,내연,한국전력,전남 진도군 조도면,3,"1996.10, 2008.5, 2016.2",운영중,5,0 MW,-,쌍용중공업(Man B&W),효성중공업,-,사업용,비회원,시장외,비중앙
낙단보,수력,소수력,소수력,수자원공사,경북 의성군 단밀면,3,2012.6,운영중,1,3 MW,-,Mavel,효성중공업,-,신재생,정회원,시장,비중앙
세종보,수력,소수력,소수력,수자원공사,세종 연기면,2,2011.8,운영중,1,2 MW,-,Gugler,현대중공업,-,신재생,정회원,시장,비중앙
경천#2,수력,소수력,소수력,경천,경북 문경시 동로면,2,2010.10,운영중,1,2 MW,-,-,-,-,신재생,정회원,시장,비중앙
봉화,수력,소수력,소수력,㈜크린에너지,충북 봉화군 명호면,2,"1988.9, 2011.1",운영중,1,1 MW,-,Obermeyer,현대중전기,-,신재생,정회원,시장,비중앙
괴산,수력,소수력,소수력,한수원,충북 괴산군 칠성면(남한강수계 남한강 칠성호),2,1957.2,운영중,1,2 MW,-,James Leffel,GE,-,신재생,정회원,시장,비중앙
달성보,수력,소수력,소수력,수자원공사,경북 고령군 개진면,2,2012.6,운영중,1,2 MW,-,Andritz,Andritz,-,신재생,정회원,시장,비중앙
소천,수력,소수력,소수력,㈜한여울,경북 봉화군 소천면,2,1987.7,운영중,1,2 MW,-,FLYGT,FLYGT,-,신재생,정회원,시장,비중앙
소청도,내연력,경유,내연,한국전력,인천 옹진군 대청면 소청리,2,1995.1,운영중,3,0 MW,-,쌍용중공업,현대중전기,-,사업용,비회원,시장외,비중앙
단양수중보,수력,소수력,소수력,수자원공사,충북 단양군 단성면,2,2019.6,운영중,1,2 MW,-,대양수력,대양수력,-,신재생,정회원,시장,비중앙
삼한에너지,수력,소수력,소수력,애플에너지,강원 정선군 정선읍,2,2014.9,운영중,1,2 MW,-,-,-,-,신재생,정회원,시장,비중앙
삼척그린파워 해양소수력,수력,소수력,소수력,남부발전,강원 삼척시 원덕읍,2,2017.8,운영중,1,2 MW,-,대양수력,CG Electric Systems Hungary Zrt,-,신재생,정회원,시장,비중앙
백제보,수력,소수력,소수력,수자원공사,충남 부여군 부여읍,2,2011.12,운영중,1,2 MW,-,Gugler,현대중공업,-,신재생,정회원,시장,비중앙
보령화력#2,수력,소수력,소수력,중부발전,충남 보령군 오천면 오포,2,2008.6,운영중,1,2 MW,-,대양전기,대양전기,-,신재생,정회원,시장,비중앙
덕적도,내연력,경유,내연,한국전력,인천 옹진군 덕적면,2,1989.8 외 3건,운영중,7,0 MW,-,Niigata,효성중공업,-,사업용,비회원,시장외,비중앙
태안소수력,수력,소수력,소수력,서부발전,충남 태안군 원북면,2,2008.6,운영중,1,2 MW,수차:대양전기,수문:두산중공업,두산중공업,-,신재생,정회원,시장,비중앙
방우리,수력,소수력,소수력,㈜청풍에너지,충남 금산군 부리면,2,1987.3,운영중,1,2 MW,-,FLYGT,FLYGT,-,신재생,정회원,시장,비중앙
한석,수력,소수력,소수력,㈜한석에너지,충북 단양군 영춘면,2,1989.4,운영중,1,2 MW,-,Omy사,현대중공업,-,신재생,정회원,시장,비중앙
홍도,내연력,경유,내연,한국전력,전남 신안군 흑산면 홍도리,2,"1993.3, 2004.11, 2010.5",운영중,4,0 MW,-,쌍용중공업,현대중전기,-,사업용,비회원,시장외,비중앙
위도,내연력,경유,내연,한국전력,전북 부안군 위도면 진리,2,"1993.2, 2002.8, 2003.6",운영중,5,0 MW,-,Sulzzer,현대중전기,-,사업용,비회원,시장외,비중앙
성주,수력,소수력,소수력,㈜성주발전,경북 성주군 가천면,1,1999.9,운영중,1,1 MW,-,대양전기,대양전기,-,신재생,정회원,시장,비중앙
장성,수력,소수력,소수력,농어촌공사,전남 장성군 장성읍,1,2013.7,운영중,1,1 MW,-,금전기업,일진전기,-,신재생,정회원,시장,비중앙
안동소수력,수력,소수력,소수력,수자원공사,경북 안동시 성곡동,1,2003.9,운영중,1,1 MW,-,대양전기,대양전기,-,신재생,정회원,시장,비중앙
정선(봉정),수력,소수력,소수력,㈜정선소수력,강원 정선군 북면,1,1993.5,운영중,1,1 MW,-,FLYGT,FLYGT,-,신재생,정회원,시장,비중앙
반변,수력,소수력,소수력,수자원공사,경북 안동시 임하면,1,1996.10,운영중,1,1 MW,-,FLYGT,FLYGT,-,신재생,정회원,시장,비중앙
자월도,내연력,경유,내연,한국전력,인천 옹진군 자월면 자월리,1,"1993.1, 2004.9",운영중,4,0 MW,-,쌍용중공업,현대중전기,-,사업용,비회원,시장외,비중앙
영천,수력,소수력,소수력,수자원공사,경북 영천시 임고면,1,2001.8,운영중,1,1 MW,-,대양전기,대양전기,-,신재생,정회원,시장,비중앙
극동,수력,소수력,소수력,극동소수력,전북 정읍시 산외면,1,2011.8,운영중,1,1 MW,-,Ossberger,Ossberger,-,신재생,정회원,시장,비중앙
금강,수력,소수력,소수력,㈜크린에너지,충북 옥천군 동이면,1,1988.3,운영중,1,1 MW,-,ACEC,현대중공업,-,신재생,정회원,시장,비중앙
섬진강댐,수력,소수력,소수력,수자원공사,전북 임실군 강진면,1,2016.7,운영중,1,1 MW,-,GEA,효성,-,신재생,정회원,시장,비중앙
담양,수력,소수력,소수력,농어촌공사,전남 담양군 금성면,1,2007.5,운영중,1,1 MW,-,대양전기,대양전기,-,신재생,정회원,시장,비중앙
서리보,수력,소수력,소수력,인제군청,강원 인제군 기린면,1,2010.10,운영중,1,1 MW,-,대양전기,대양전기,-,신재생,정회원,시장,비중앙
죽산보,수력,소수력,소수력,수자원공사,전북 나주시 다시면,1,2011.12,운영중,1,1 MW,-,Gugler,현대중공업,-,신재생,정회원,시장,비중앙
밀양,수력,소수력,소수력,수자원공사,경남 밀양시 산외면,1,2001.10,운영중,1,1 MW,-,대양전기,대양전기,-,신재생,정회원,시장,비중앙
동화댐,수력,소수력,소수력,농어촌공사,전북 장수군 번안면,1,2005.5,운영중,1,1 MW,-,대양전기,대양전기,-,신재생,정회원,시장,비중앙
가거도,내연력,경유,내연,한국전력,전남 신안군 흑산면 가거도리,1,"2004.8, 2009.9",운영중,4,0 MW,-,STX,보국전기,-,사업용,비회원,시장외,비중앙
임기,수력,소수력,소수력,대동기업㈜,경북 봉화군 소천면,1,1986.8,운영중,1,1 MW,-,대양전기,대양전기,-,신재생,정회원,시장,비중앙
합천2수력,수력,소수력,소수력,수자원공사,경남 합천군 용주면,1,2017.12,운영중,1,1 MW,-,대양수력,대양수력,-,신재생,정회원,시장,비중앙
어청도,내연력,경유,내연,한국전력,전북 군산시 옥도면 어청도리,1,"1994.2, 2007.7, 2012.8",운영중,5,0 MW,-,쌍용중공업,현대중전기,-,사업용,비회원,시장외,비중앙
개야도,내연력,경유,내연,한국전력,전북 군산시 옥도면 개야도리,1,"1994.3, 2006.9",운영중,4,0 MW,-,쌍용 NIIGATA,현대중전기,-,사업용,비회원,시장외,비중앙
삽시도,내연력,경유,내연,한국전력,충남 보령시 오천면 삽시도리,1,"1993.2, 2006.9",운영중,4,0 MW,-,쌍용중공업,현대중공업,-,사업용,비회원,시장외,비중앙
보성,수력,소수력,소수력,대한수력발전(주),전남 보성군 득량면,1,2009.5,운영중,1,1 MW,-,-,-,-,신재생,정회원,시장,비중앙
횡성,수력,소수력,소수력,수자원공사,강원 횡성군 갑천면,1,2000.8,운영중,1,1 MW,-,대양전기,대양전기,-,신재생,정회원,시장,비중앙
승봉도,내연력,경유,내연,한국전력,인천 옹진군 자월면,1,"1994.12, 2004.7, 2008.1",운영중,6,0 MW,-,쌍용중공업,현대중전기,-,사업용,비회원,시장외,비중앙
고문,수력,소수력,소수력,신에너지㈜,경기 연천군 연천읍,1,2007.8,운영중,1,1 MW,-,대양전기,대양전기,-,신재생,정회원,시장,비중앙
한국해양울돌목조류,수력,해양에너지,신재생,한국해양과학기술원,전남 진도군 군내면,1,2009.5,운영중,1,1 MW,-,-,-,-,신재생,정회원,시장,비중앙
양양소수력,수력,소수력,소수력,한수원,강원 양양군 서면,1,2005.8,운영중,1,1 MW,-,대양전기,대양전기,-,신재생,정회원,시장,비중앙
동화정수장,수력,소수력,소수력,수자원공사,전북 장수군 번암면,0,2015.10,운영중,1,0 MW,-,대양수력,대양수력,-,신재생,정회원,시장,비중앙
득량도,내연력,경유,내연,한국전력,전남 고흥군 도양읍,0,1994.6,운영중,3,0 MW,-,쌍용 NIIGATA,현대중전기,-,사업용,비회원,시장외,비중앙
달방,수력,소수력,소수력,수자원공사,강원 동해시 이로동,0,2007.2,운영중,1,0 MW,-,대양전기,대양전기,-,신재생,정회원,시장,비중앙
덕남정수장,수력,소수력,소수력,GS 파워㈜,광주 남구 덕남1길,0,2014.5,운영중,1,0 MW,-,대양수력,효성중공업,-,신재생,정회원,시장,비중앙
대곡,수력,소수력,소수력,수자원공사,울산 울주군 두동면,0,2005.6,운영중,1,0 MW,-,대양전기,대양전기,-,신재생,정회원,시장,비중앙
동상,수력,소수력,소수력,농어촌공사,전북 완주군 동상면,0,2012.10,운영중,1,0 MW,-,-,-,-,신재생,정회원,시장,비중앙
독거도,내연력,경유,내연,한국전력,전남 진도군 조도면,0,"2004.11, 2010.10",운영중,3,0 MW,-,STX(CUMMINS),보국전기,-,사업용,비회원,시장외,비중앙
대청댐#1,수력,소수력,소수력,수자원공사,충북 청원군 현도면,0,2008.6,운영중,1,0 MW,-,대양전기,대양전기,-,신재생,정회원,시장,비중앙
대청댐2,수력,소수력,소수력,수자원공사,충북 청주시 상당구,0,2017.12,운영중,1,0 MW,-,-,-,-,신재생,정회원,시장,비중앙
녹도,내연력,경유,내연,한국전력,충남 보령시 오천면,0,"1996.1, 2011.5",운영중,3,0 MW,-,두산 LISTERPETTER,보국전기,-,사업용,비회원,시장외,비중앙
덕우도,내연력,경유,내연,한국전력,전남 완도군 생일면 봉선리,0,"1996.5, 2000.10",운영중,4,0 MW,-,RISTERPETTER 대우,보국전기,-,사업용,비회원,시장외,비중앙
농어촌공사,수력,소수력,소수력,농어촌공사,충남 보령시 죽정동,0,2010.10,운영중,1,0 MW,-,-,-,-,신재생,비회원,시장외,비중앙
구자도,내연력,경유,내연,한국전력,전남 진도군 의신면,0,2007.4,운영중,3,0 MW,-,STX(CUMMINS),보국전기,-,사업용,비회원,시장외,비중앙
노량진,수력,소수력,소수력,서울시상하수도,서울 동작구 노량진동,0,2013.12,운영중,1,0 MW,-,ANDRITZ,SIEMENS,-,신재생,비회원,시장외,비중앙
낙월도,내연력,경유,내연,한국전력,전남 영광군 낙월면,0,1994.5,운영중,3,0 MW,-,쌍용 NIIGATA,현대중전기,-,사업용,비회원,시장외,비중앙
횡성댐2,수력,소수력,소수력,수자원공사,강원 횡성군 갑천면,0,2011.1,운영중,1,0 MW,-,Ossberger,효성중공업,-,신재생,정회원,시장,비중앙
회동댐,수력,소수력,소수력,-,부산 금정구 회동동,0,2012.12,운영중,1,0 MW,-,일진전기,일진전기,-,신재생,비회원,시장외,비중앙
가북,수력,소수력,소수력,농어촌공사,경남 거창군 가북면,0,2014.4,운영중,1,0 MW,-,대양수력,일진전기,-,신재생,정회원,시장,비중앙
화도,내연력,경유,내연,한국전력,전남 고흥군 도양읍,0,"2002.02, 2007.07, 2010.10",운영중,3,0 MW,-,두산중공업,보국전기,-,사업용,비회원,시장외,비중앙
홍익동진,수력,소수력,소수력,㈜홍익이앤알,전북 정읍시 칠보면,0,2008.6,운영중,1,0 MW,-,-,-,-,신재생,정회원,시장,비중앙
호도,내연력,경유,내연,한국전력,충남 보령시 오천면,0,1997.7,운영중,3,0 MW,-,쌍용(CUMMINS),보국전기,-,사업용,비회원,시장외,비중앙
가의도,내연력,경유,내연,한국전력,충남 태안군 근흥면 가의도리,0,1996.7,운영중,3,0 MW,-,쌍용 CUMMINS,현대전기,-,사업용,비회원,시장외,비중앙
가파도,내연력,경유,내연,한국전력,제주 서귀포시 대정읍 가파리,0,1993.2,운영중,3,0 MW,-,쌍용중공업,현대중전기,-,사업용,비회원,시장외,비중앙
행원,수력,소수력,소수력,남부발전,제주 제주시 구좌읍,0,2010.11,운영중,1,0 MW,-,대양전기,대양전기,-,신재생,정회원,시장,비중앙
강림,수력,소수력,소수력,한수원,강원 평창군 도암면(남한강지류 주천강),0,1978.5,운영중,1,0 MW,-,효성중공업,효성중공업,-,신재생,정회원,시장,비중앙
개취보,수력,소수력,소수력,산청군,경남 산청군 금서면,0,2013.8,운영중,1,0 MW,-,대양수력,대양수력,-,신재생,정회원,시장,비중앙
경천#1,수력,소수력,소수력,농어촌공사,경북 문경시 동로면,0,1995.6,운영중,1,0 MW,-,대양전기,대양전기,-,신재생,정회원,시장,비중앙
경천지구,수력,소수력,소수력,농어촌공사,전북 완주군 경천면,0,2008.12,운영중,1,0 MW,-,-,-,-,신재생,정회원,시장,비중앙
고대도,내연력,경유,내연,한국전력,충남 보령시 오천면,0,1996.4,운영중,3,0 MW,-,쌍용(CUMMINS),현대중전기,-,사업용,비회원,시장외,비중앙
고산,수력,소수력,소수력,수자원공사,대구 수성구 노변동,0,2009.12,운영중,1,0 MW,-,대양전기,대양전기,-,신재생,정회원,시장,비중앙
고수,수력,소수력,소수력,농어촌공사,전북 고창군 고창읍,0,2018.1,운영중,1,0 MW,-,-,-,-,신재생,정회원,시장,비중앙
광주호,수력,소수력,소수력,농어촌공사,전남 담양군 고서면,0,2013.1,운영중,1,0 MW,-,대양수력,대양수력,-,신재생,정회원,시장,비중앙
광천,수력,소수력,소수력,수자원공사,전남 순천시 주암면,0,1992.1,운영중,1,0 MW,-,Dependable(캐),Dependable(캐),-,신재생,정회원,시장,비중앙
하동호,수력,소수력,소수력,농어촌공사,전남 하동군 청암면,0,2006.6,운영중,1,0 MW,-,대양전기,대양전기,-,신재생,정회원,시장,비중앙
구만,수력,소수력,소수력,농어촌공사,전남 구례군 광의면,0,2014.5,운영중,1,0 MW,-,대양수력,대양수력,-,신재생,정회원,시장,비중앙
매물도,내연력,경유,내연,한국전력,경남 통영시 한산면,0,1994.3,운영중,3,0 MW,-,광양 YANMAR,보국전기,-,사업용,비회원,시장외,비중앙
군위댐,수력,소수력,소수력,수자원공사,경북 군위군 고로면,0,2010.10,운영중,1,0 MW,-,대양전기,대양전기,-,신재생,정회원,시장,비중앙
궁평,수력,소수력,소수력,-,충남 아산시 송악면,0,2012.10,운영중,1,0 MW,-,-,-,-,신재생,비회원,시장외,비중앙
극동제2,수력,소수력,소수력,(유)극동제2소수력발전소,전북 정읍시 산외면,0,2013.4,운영중,1,0 MW,-,중경화소수력,중경샤이리멍,-,신재생,정회원,시장,비중앙
금계,수력,소수력,소수력,농어촌공사,경북 영주시 풍기읍,0,2014.4,운영중,1,0 MW,-,대양수력,대양수력,-,신재생,비회원,시장외,비중앙
풍도,내연력,경유,내연,한국전력,경기 안산시 단원구 풍도동,0,1996.8,운영중,3,0 MW,-,쌍용 CUMMINS,현대전기,-,사업용,비회원,시장외,비중앙
낙덕,수력,소수력,소수력,농어촌공사,전북 순창군 복흥면,0,2014.4,운영중,1,0 MW,-,대양전기,대양전기,-,신재생,비회원,시장외,비중앙
마라도,내연력,경유,내연,한국전력,제주 서귀포시 대정읍,0,"2011.11, 2013.6",운영중,3,0 MW,-,두산중공업,유엔테크,-,사업용,비회원,시장외,비중앙
외연도,내연력,경유,내연,한국전력,충남 보령시 오천면 외연도리,0,"1994.8, 2004.7",운영중,4,0 MW,-,쌍용중공업,현대중전기,-,사업용,비회원,시장외,비중앙
평도,내연력,경유,내연,한국전력,전남 여수시 삼산면,0,2005.10,운영중,3,0 MW,-,쌍용(Niigata),현대,-,사업용,비회원,시장외,비중앙
시산도,내연력,경유,내연,한국전력,전남 고흥군 도양읍,0,1994.8,운영중,3,0 MW,-,쌍용 NIIGATA,현대중전기,-,사업용,비회원,시장외,비중앙
어승생,수력,소수력,소수력,제주도청,제주 제주시 해안동,0,2020.8,운영중,1,0 MW,-,-,-,-,신재생,정회원,시장,비중앙
어룡도,내연력,경유,내연,한국전력,전남 완도군 노화읍,0,2006.12,운영중,3,0 MW,-,(CUMMINS),보국전기,-,사업용,비회원,시장외,비중앙
양양양수신소수력,수력,소수력,소수력,한수원,충북 단양군 단성면,0,2020.12,운영중,1,0 MW,-,금성E&C,금성E&C,-,신재생,정회원,시장,비중앙
율현,수력,소수력,소수력,농어촌공사,경남 산청군 신동면,0,2008.10,운영중,1,0 MW,-,-,-,-,신재생,정회원,시장,비중앙
읍애,수력,소수력,소수력,수자원공사,충북 단양군 단성면,0,2020.12,운영중,1,0 MW,-,-,-,-,신재생,정회원,시장,비중앙
안계,수력,소수력,소수력,수자원공사,경북 경주시 강동면,0,2013.2,운영중,1,0 MW,-,ossberger,효성중공업,-,신재생,정회원,시장,비중앙
승촌보,수력,소수력,소수력,수자원공사,광주 남구 승천동,0,2011.12,운영중,1,0 MW,-,Mavel,효성중공업,-,신재생,정회원,시장,비중앙
여서도,내연력,경유,내연,한국전력,전남 완도군 청산면 여서리,0,1996.7,운영중,3,0 MW,-,쌍용중공업,현대중전기,-,사업용,비회원,시장외,비중앙
슬도,내연력,경유,내연,한국전력,전남 진도군 조도면,0,2006.11,운영중,3,0 MW,-,STX(CUMMINS),보국전기,-,사업용,비회원,시장외,비중앙
수우도,내연력,경유,내연,한국전력,경남 통영시 사량면,0,"1996.6, 2008.6",운영중,3,0 MW,-,쌍용(CUMMINS),현대중전기,-,사업용,비회원,시장외,비중앙
송이도,내연력,경유,내연,한국전력,전남 영광군 낙월면,0,"1996.1, 2011.5",운영중,3,0 MW,-,LISTERPETTER 대우중공업 두산인프라코어,보국전기,-,사업용,비회원,시장외,비중앙
솔향강릉,수력,소수력,소수력,-,강원 강릉시 홍제동,0,2011.12,운영중,1,0 MW,-,-,-,-,신재생,비회원,시장외,비중앙
손죽도,내연력,경유,내연,한국전력,전남 여수시 삼산면,0,1994.6,운영중,3,0 MW,-,쌍용(Niigata),현대,-,사업용,비회원,시장외,비중앙
일산정수장,수력,소수력,소수력,수자원공사,경기 고양시 덕양구,0,2017.6,운영중,1,0 MW,-,구글러,효성,-,신재생,정회원,시장,비중앙
어의도,내연력,경유,내연,한국전력,경남 통영시 용남면,0,1996.1,운영중,3,0 MW,-,LISTER PETTER,보국전기,-,사업용,비회원,시장외,비중앙
원통보,수력,소수력,소수력,인제군청,강원 인제군 북면,0,2011.8,운영중,1,0 MW,-,대양수력,대양수력,-,신재생,정회원,시장,비중앙
맹동,수력,소수력,소수력,한국농어촌공사,충북 음성군 맹동면,0,2016.4,운영중,1,0 MW,-,금성 ENC,금성 ENC,-,신재생,정회원,시장,비중앙
왕등도,내연력,경유,내연,한국전력,전남 부안군 위도면,0,2006.4,운영중,3,0 MW,-,CUMMINS,보국전기,-,사업용,비회원,시장외,비중앙
용담고산#1,수력,소수력,소수력,수자원공사,전북 완주군 고산면,0,2016.7,운영중,1,0 MW,-,WKV,한성중공업,-,신재생,정회원,시장,비중앙
용림,수력,소수력,소수력,농어촌공사,전북 장수군 장수읍,0,2011.12,운영중,1,0 MW,-,대양수력,대양수력,-,신재생,정회원,시장,비중앙
용연 정수장,수력,소수력,소수력,GS 파워㈜,광주 동구 용연동,0,2016.6,운영중,1,0 MW,-,대양수력,대양수력,-,신재생,정회원,시장,비중앙
운문,수력,소수력,소수력,수자원공사,경북 청도군 운문면,0,1998.10,운영중,1,0 MW,-,대양전기,대양전기,-,신재생,정회원,시장,비중앙
운서보,수력,소수력,소수력,함양군청,경남 함양군 휴천면,0,2014.9,운영중,1,0 MW,-,Tink,Marelli,-,신재생,정회원,시장,비중앙
울도,내연력,경유,내연,한국전력,인천 옹진군 덕적면,0,2003.3,운영중,3,0 MW,-,현대중공업,보국전기,-,사업용,비회원,시장외,비중앙
오봉지구,수력,소수력,소수력,-,강원 강릉시 성산면,0,2012.6,운영중,1,0 MW,-,-,-,-,신재생,비회원,시장외,비중앙
원정수,수력,소수력,소수력,㈜포스코,전남 광양시 금호동,0,2007.5,운영중,1,0 MW,-,대양전기,대양전기,-,신재생,정회원,시장,비중앙
예천양수,수력,소수력,소수력,한수원,경북 예천군 은풍면,0,2018.8,운영중,1,0 MW,-,-,-,-,신재생,비회원,시장외,비중앙
예천소수력,수력,소수력,소수력,한수원,경북 예천군,0,2011.12,운영중,1,0 MW,-,-,-,-,신재생,정회원,시장,비중앙
예당,수력,소수력,소수력,-,충남 예산군 응봉면,0,2012.10,운영중,1,0 MW,-,-,-,-,신재생,비회원,시장외,비중앙
영산도,내연력,경유,내연,한국전력,전남 신안군 흑산면,0,2015.11,운영중,3,0 MW,-,CUMMINS,현대중공업,-,사업용,비회원,시장외,비중앙
연도,내연력,경유,내연,한국전력,전북 군산시 옥도면 연도리,0,"1996.4, 2011.5",운영중,3,0 MW,-,RISTERPETTER,보국전기,-,사업용,비회원,시장외,비중앙
여자도,내연력,경유,내연,한국전력,전남 여수시 화정면,0,1994.4,운영중,3,0 MW,-,쌍용 NIIGATA,현대중전기,-,사업용,비회원,시장외,비중앙
소연평도,내연력,경유,내연,한국전력,인천 웅진군 연평면,0,2002.12,운영중,3,0 MW,-,CUMMINS,보국전기,-,사업용,비회원,시장외,비중앙
자인정,수력,소수력,소수력,수자원공사,경북 경산시 자인면,0,2012.12,운영중,1,0 MW,-,대양수력,효성중공업,-,신재생,정회원,시장,비중앙
장고도,내연력,경유,내연,한국전력,충남 보령시 오천면,0,1996.1,운영중,3,0 MW,-,쌍용(CUMMINS),현대중전기,-,사업용,비회원,시장외,비중앙
보령,수력,소수력,소수력,수자원공사,충남 보령시 미산면,0,"1997.12, 1999.3",운영중,2,0 MW,-,Dependable(캐),Marathon(미),-,신재생,정회원,시장,비중앙
부항댐,수력,소수력,소수력,수자원공사,경북 김천시 지례면,0,2013.10,운영중,1,0 MW,-,대양수력,대양수력,-,신재생,정회원,시장,비중앙
부안,수력,소수력,소수력,수자원공사,전북 부안군 변산면,0,1998.6,운영중,1,0 MW,-,Dependable(캐),Marathon(미),-,신재생,정회원,시장,비중앙
탑정,수력,소수력,소수력,탑정,충남 논산시 부적면,0,2010.10,운영중,1,0 MW,-,-,-,-,신재생,비회원,시장외,비중앙
보현산댐,수력,소수력,소수력,수자원공사,경북 영천시 화북면,0,2017.5,운영중,1,0 MW,-,-,-,-,신재생,정회원,시장,비중앙
보청,수력,소수력,소수력,희도전력㈜,충북 보은군 수한면,0,2016.5,운영중,1,0 MW,-,TINK,MARELLI,-,신재생,정회원,시장,비중앙
외도,내연력,경유,내연,한국전력,충남 태안군 안면읍,0,2015.11,운영중,3,0 MW,-,CUMMINS,보국전기,-,사업용,비회원,시장외,비중앙
백운제#1,수력,소수력,소수력,농어촌공사,전남 광양시 지실길,0,2014.5,운영중,1,0 MW,-,대양수력,대양수력,-,신재생,정회원,시장,비중앙
장흥,수력,소수력,소수력,수자원공사,전남 장흥군 부산면,0,2005.2,운영중,1,0 MW,-,대양전기,대양전기,-,신재생,정회원,시장,비중앙
백곡,수력,소수력,소수력,농어촌공사,충북 진천군 진천읍,0,2007.5,운영중,1,0 MW,-,대양전기,대양전기,-,신재생,정회원,시장,비중앙
토평,수력,소수력,소수력,한수원,경기 구리시 수택동,0,2011.12,운영중,1,0 MW,-,-,-,-,신재생,비회원,시장외,비중앙
물야,수력,소수력,소수력,-,경북 봉화군 물야면,0,2011.12,운영중,1,0 MW,-,-,-,-,신재생,비회원,시장외,비중앙
문갑도,내연력,경유,내연,한국전력,인천 옹진군 덕적면,0,2004.1,운영중,3,0 MW,-,쌍용(CUMMINS),현대중전기,-,사업용,비회원,시장외,비중앙
판교가압장,수력,소수력,소수력,수자원공사,경기 성남시 분당구,0,2011.8,운영중,1,0 MW,-,Gugler,효성중공업,-,신재생,정회원,시장,비중앙
무주소수력,수력,소수력,소수력,한수원,전북 무주군 적상면,0,2003.4,운영중,1,0 MW,-,대양전기,대양전기,-,신재생,정회원,시장,비중앙
비안도,내연력,경유,내연,한국전력,전북 군산시 옥도면 비안도리,0,1994.3,운영중,3,0 MW,-,광양중공업,보국전기,-,사업용,비회원,시장외,비중앙
비양도,내연력,경유,내연,한국전력,제주 제주시 한림읍 협재리,0,1996.4,운영중,3,0 MW,-,RISTERPETTER,보국전기,-,사업용,비회원,시장외,비중앙
산내,수력,소수력,소수력,산내소수력발전소,전북 남원시 산내면,0,1989.9,운영중,1,0 MW,-,British Columbia,이천전기,-,신재생,정회원,시장,비중앙
추산,수력,소수력,소수력,한국전력,경북 울릉군 북면(나리분지수원지 용출소),0,"1969.5, 1978.6",운영중,2,0 MW,-,KAWASAKI,이천전기,-,신재생,비회원,시장외,비중앙
추도,내연력,경유,내연,한국전력,경남 통영시 산양읍,0,1994.2,운영중,3,0 MW,-,광양 YANMAR,보국전기,-,사업용,비회원,시장외,비중앙
초도,내연력,경유,내연,한국전력,전남 여수시 삼산면,0,1992.5,운영중,3,0 MW,-,쌍용(Niigata),현대,-,사업용,비회원,시장외,비중앙
산청소수력*,수력,소수력,소수력,한수원,경남 산청군 시천면,0,"2001.12, 2010.11",운영중,2,0 MW,-,두산중공업,두산중공업,-,신재생,정회원,시장,비중앙
죽전,수력,소수력,소수력,농어촌공사,경남 합천군 가야면,0,2014.6,운영중,1,0 MW,-,대양수력,대양수력,-,신재생,정회원,시장,비중앙
주암 역조정지댐,수력,소수력,소수력,수자원공사,전남 순천시 상사면,0,2012.11,운영중,1,0 MW,-,금성E&C,현대중공업,-,신재생,정회원,시장,비중앙
삿갓보,수력,소수력,소수력,농어촌공사,전북 정읍시 응동면,0,2011.8,운영중,1,0 MW,-,대양수력,대양수력,-,신재생,정회원,시장,비중앙
상화도,내연력,경유,내연,한국전력,전남 여수시 화정면,0,"2006.12, 2006.7, 2008.12",운영중,3,0 MW,-,두산중공업,보국전기,-,사업용,비회원,시장외,비중앙
서포,수력,소수력,소수력,농어촌공사,전북 군산시 개정면,0,2014.9,운영중,1,0 MW,-,금성E&C,한성중공업,-,신재생,정회원,시장,비중앙
성남,수력,소수력,소수력,수자원공사,경기 성남시 수정구,0,2004.2,운영중,1,0 MW,-,대양전기,대양전기,-,신재생,정회원,시장,비중앙
성남 제2소수력,수력,소수력,소수력,수자원공사,경기 성남시 수정구,0,2008.12,운영중,1,0 MW,-,신한정공,효성중공업,-,신재생,정회원,시장,비중앙
성남도,내연력,경유,내연,한국전력,전남 진도군 조도면,0,"2004.12, 2010.4",운영중,3,0 MW,-,STX(CUMMINS),보국전기,-,사업용,비회원,시장외,비중앙
성덕댐,수력,소수력,소수력,수자원공사,경북 청송군 안덕면,0,2014.9,운영중,1,0 MW,-,GEA,ADDA,-,신재생,정회원,시장,비중앙
정우#2,수력,소수력,소수력,농어촌공사,전북 정읍시 정우면,0,2013.7,운영중,1,0 MW,-,금성E&C,일진전기,-,신재생,정회원,시장,비중앙
KC하이드로,수력,소수력,소수력,KC하이드로㈜,제주 제주시 한경면,0,2013.5,운영중,1,0 MW,-,Ellaf,Ellaf,-,신재생,정회원,시장,비중앙
